Player,Year,Scaled_Score
Shaun Marsh,2008,0.6755872862662295
Gautam Gambhir,2008,0.5867247824541016
Sanath Jayasuriya,2008,0.32726590445101306
Shane Watson,2008,0.45937166893097325
Graeme Smith,2008,0.5164210985085477
Adam Gilchrist,2008,0.4953744321103615
Yusuf Pathan,2008,0.31930457476754937
Suresh Raina,2008,0.4723086748917793
MS Dhoni,2008,0.4744620679437223
Virender Sehwag,2008,0.4416371702445408
Rohit Sharma,2008,0.4522908528740445
Rahul Dravid,2008,0.4323443672909333
Sourav Ganguly,2008,0.32143950594521814
Shikhar Dhawan,2008,0.4161875484160011
Robin Uthappa,2008,0.3944499323791985
Kumar Sangakkara,2008,0.3660876076522138
David Hussey,2008,0.37895234772670683
Swapnil Asnodkar,2008,0.3694047983657539
Parthiv Patel,2008,0.38718133563569274
Yuvraj Singh,2008,0.21099852073965103
Venugopal Rao,2008,0.20458053065690363
Albie Morkel,2008,0.1886664522832725
Mark Boucher,2008,0.2839970427467076
James Hopes,2008,0.2712333083671314
Abhishek Nayar,2008,0.15919420981627336
Jacques Kallis,2008,0.1834404768715927
Stephen Fleming,2008,0.254346476877648
Salman Butt,2008,0.2524236483908054
Subramaniam Badrinath,2008,0.2515877937128884
Matthew Hayden,2008,0.25447547770531803
Brendon McCullum,2008,0.2493804565513215
Sachin Tendulkar,2008,0.25391883029824863
Mahela Jayawardena,2008,0.23416049804922293
Dwayne Bravo,2008,0.22635931311798668
Mohammad Kaif,2008,0.23980965541897875
Michael Hussey,2008,0.23879569217221677
Herschelle Gibbs,2008,0.2252631612234115
Virat Kohli,2008,0.22537746693156327
Laxmi Ratan Shukla,2008,0.21770624251467346
Andrew Symonds,2008,0.2324082445572951
Wriddhiman Saha,2008,0.21685076334170364
VVS Laxman,2008,0.2131352232807152
Luke Pomersbach,2008,0.25721509441753804
Ross Taylor,2008,0.20364087397270186
Shaun Pollock,2008,0.3444022225416802
Vidyut Sivaramakrishnan,2008,0.19731695019721687
Dinesh Karthik,2008,0.19821046926818026
Ravindra Jadeja,2008,0.18785124707155568
Irfan Pathan,2008,0.4214962928053194
Kamran Akmal,2008,0.18120384465249717
MF Maharoof,2008,0.2042951642205974
Misbah-ul-Haq,2008,0.16620840525493755
Wasim Jaffer,2008,0.16620077867392172
Cameron White,2008,0.16378752382492756
Scott Styris,2008,0.1481381416239439
Praveen Kumar,2008,0.25148905622846135
Dwaraka Ravi Teja,2008,0.15768458488473025
Manoj Tiwary,2008,0.1595290083984468
Tillakaratne Dilshan,2008,0.15452987754966135
Debabrata Das,2008,0.15258454134811353
Niraj Patel,2008,0.16564059699760106
Simon Katich,2008,0.17577902037310905
AB de Villiers,2008,0.14387107953045186
Piyush Chawla,2008,0.2205568647997107
Shreevats Goswami,2008,0.13377283521590524
Shahid Afridi,2008,0.17299241231922383
Karan Goel,2008,0.12353061593291362
Ramnaresh Sarwan,2008,0.11871405799308009
Shane Warne,2008,0.2977224079492603
Ajit Agarkar,2008,0.15518568592723092
Shoaib Malik,2008,0.09572782183265068
Arjun Yadav,2008,0.0948248160389603
Sanjay Bangar,2008,0.08960507238322939
Balachandra Akhil,2008,0.07356984213321016
Dwayne Smith,2008,0.08792889868728869
Aakash Chopra,2008,0.08133339422197203
LPC Silva,2008,0.09207738673155337
Ricky Ponting,2008,0.0768817960858712
Umar Gul,2008,0.09379309989655472
Dominic Thornely,2008,0.05859764286819166
Amit Mishra,2008,0.09947521436803236
Sohail Tanvir,2008,0.20689695147115023
Manpreet Gony,2008,0.30307341622186956
Luke Ronchi,2008,0.07435218937284298
Mahesh Rawat,2008,0.07589164265301224
Rajat Bhatia,2008,0.07419797214676556
Zaheer Khan,2008,0.1825076611208405
Pinal Shah,2008,0.07217201028025919
Dinesh Salunkhe,2008,0.08179043104040794
Tatenda Taibu,2008,0.07137493955702026
Harbhajan Singh,2008,0.08548811374096911
Murali Kartik,2008,0.06969952969564261
Ramesh Powar,2008,0.07669059634522052
RP Singh,2008,0.2319461399334977
Saurabh Tiwary,2008,0.06991807656882724
Wilkin Mota,2008,0.06911812262593602
Shivnarine Chanderpaul,2008,0.05924876874894961
Vinay Kumar,2008,0.07915512707407799
Musavir Khote,2008,0.06404737632127028
Jagadeesh Arunkumar,2008,0.05988279805120394
Chaminda Vaas,2008,0.048937776871557356
Bharat Chipli,2008,0.05117752085707146
Mohammad Hafeez,2008,0.05694797479029071
Darren Lehmann,2008,0.05338141675647276
Siddharth Chitnis,2008,0.07223395299924133
Jacob Oram,2008,0.06991807656882724
Brett Lee,2008,0.06565825465917013
Chamara Kapugedera,2008,0.04467009410177897
Joginder Sharma,2008,0.06397910912047013
Yo Mahesh,2008,0.06686399959993376
Devraj Patil,2008,0.04608501089438497
Anil Kumble,2008,0.14692290303036026
Brad Hodge,2008,0.03940691613709207
Ishant Sharma,2008,0.1189448802742795
Nuwan Zoysa,2008,0.051989286699828656
Makhaya Ntini,2008,0.2579018299535148
Taruwar Kohli,2008,0.03523536233560882
Dimitri Mascarenhas,2008,0.04520609393585432
Ashley Noffke,2008,0.039755878722108694
Tanmay Srivastava,2008,0.0377097228398151
Rohan Raje,2008,0.03813550927750329
Sunil Joshi,2008,0.01785705664998409
Pankaj Singh,2008,0.02679999170376797
Siddharth Trivedi,2008,0.03397245304894348
Sunny Sohal,2008,0.02187526652342955
Ajinkya Rahane,2008,0.019341939526978984
Vikram Singh,2008,0.05724664433558109
Glenn McGrath,2008,0.34073687008481673
Younis Khan,2008,0.018325651103077985
Doddapaneni Kalyankrishna,2008,0.01807592707835261
Mohammad Asif,2008,0.052989532510373166
Ashish Nehra,2008,0.17176584815859264
Manish Pandey,2008,0.017222401054179506
Ashok Dinda,2008,0.12713900194207914
Pragyan Ojha,2008,0.14058381129994152
Pradeep Sangwan,2008,0.04939826842415496
Shoaib Akhtar,2008,0.03012417253081837
Halhadar Das,2008,0.015513581871207697
Vikrant Yeligati,2008,0.03166891263277111
Dilhara Fernando,2008,0.07005820574279967
Dhawal Kulkarni,2008,0.02380764320051527
Dale Steyn,2008,0.18377214981185874
Paidikalva Vijaykumar,2008,0.13859882164037884
Srikkanth Anirudha,2008,0.008153745176768803
PM Sarvesh Kumar,2008,0.016094876155950188
Iqbal Abdulla,2008,0.01570424639660323
Munaf Patel,2008,0.23837809177619307
Abdur Razzak,2008,0.0007580077473042131
Lakshmipathy Balaji,2008,0.07069979730090005
Abhinav Mukund,2008,0.0003906297593469564
Matthew Hayden,2009,0.6219859077524102
Adam Gilchrist,2009,0.5410920650167892
Suresh Raina,2009,0.40308730047752594
JP Duminy,2009,0.3477329539030417
Herschelle Gibbs,2009,0.4483017789744277
Brad Hodge,2009,0.4363221873331977
Sachin Tendulkar,2009,0.21815622703369714
Rohit Sharma,2009,0.25448439893926034
Jacques Kallis,2009,0.35055516548927323
Yuvraj Singh,2009,0.31134030863038487
MS Dhoni,2009,0.3922499427773906
Kumar Sangakkara,2009,0.4132046251679592
Ravindra Jadeja,2009,0.25902861526346
Brendon McCullum,2009,0.34858767345472685
Ross Taylor,2009,0.33372411810448965
Rahul Dravid,2009,0.3320619884784683
Andrew Symonds,2009,0.20509194228554328
Virat Kohli,2009,0.31162340240566555
Yusuf Pathan,2009,0.23095130671500286
Tirumalasetti Suman,2009,0.1742258741959105
Sanath Jayasuriya,2009,0.28154984031148456
Mahela Jayawardena,2009,0.27544811046339945
Dwayne Bravo,2009,0.1710206293674571
Dwayne Smith,2009,0.25910713755906073
Graeme Smith,2009,0.2834254211988632
Irfan Pathan,2009,0.29242057042705416
Abhishek Nayar,2009,0.14353915658754976
Sourav Ganguly,2009,0.2583947032836803
Subramaniam Badrinath,2009,0.23976333789037052
Robin Uthappa,2009,0.23859051854147406
Chris Gayle,2009,0.1893025201174463
Naman Ojha,2009,0.2244675786135415
Manish Pandey,2009,0.24084621938753165
Mark Boucher,2009,0.2048537793754742
Simon Katich,2009,0.19686809800231012
Ajinkya Rahane,2009,0.19725565852783364
Parthiv Patel,2009,0.19609688324885655
Ravi Bopara,2009,0.19037118104768577
Venugopal Rao,2009,0.09624996698853058
Karan Goel,2009,0.09584901805523335
Roelof van der Merwe,2009,0.11436822582300323
Sunny Sohal,2009,0.16449270354763437
Shane Warne,2009,0.11988438421777858
Rob Quiney,2009,0.15498933255232183
David Hussey,2009,0.14925870097561642
Swapnil Asnodkar,2009,0.14834369726788893
Albie Morkel,2009,0.15841383425921352
Kevin Pietersen,2009,0.09416601017942872
Jacob Oram,2009,0.13967562290798
Harbhajan Singh,2009,0.2636547174596355
Laxmi Ratan Shukla,2009,0.0973421429984932
Lee Carseldine,2009,0.12966266609089078
Abhishek Raut,2009,0.1281931541390618
Wriddhiman Saha,2009,0.12985742292805091
Azhar Bilakhia,2009,0.1150103298319576
Ajit Agarkar,2009,0.0960706026370314
Dwaraka Ravi Teja,2009,0.11580656349142646
Praveen Kumar,2009,0.1137634802054158
Andrew Flintoff,2009,0.07971673956410318
Murali Vijay,2009,0.10355455409659473
Jesse Ryder,2009,0.08220260933916174
Shreevats Goswami,2009,0.09919884626570506
Pinal Shah,2009,0.09990393298132631
Vinay Kumar,2009,0.09238775137606309
Yashpal Singh,2009,0.09053551526715958
Johan Botha,2009,0.08475606432842882
George Bailey,2009,0.09115419840029673
Luke Pomersbach,2009,0.07952124416694435
Shikhar Dhawan,2009,0.07824481492473541
Dimitri Mascarenhas,2009,0.0802886207004577
Moises Henriques,2009,0.07967451984394527
Munaf Patel,2009,0.1752696206713446
Piyush Chawla,2009,0.22286654644649231
Chaminda Vaas,2009,0.08052665737006445
Wilkin Mota,2009,0.04100115396820825
Brett Lee,2009,0.11212306829900949
Amit Mishra,2009,0.2567198083230826
Ramesh Powar,2009,0.13205087548911454
Murali Kartik,2009,0.13686746051682902
Ryan Harris,2009,0.07232872786809963
Joginder Sharma,2009,0.06247202230607534
Shadab Jakati,2009,0.07308644060750194
Rajesh Bishnoi,2009,0.05647920375517969
VVS Laxman,2009,0.04921721051474865
Niraj Patel,2009,0.04822101162132836
Balachandra Akhil,2009,0.05866067300851184
Angelo Mathews,2009,0.05809380676048043
Mahesh Rawat,2009,0.04575492874773678
Ishant Sharma,2009,0.2861776296624797
Anil Kumble,2009,0.319172606801187
Wasim Jaffer,2009,0.046732619231130895
Graham Napier,2009,0.049709962054039165
Scott Styris,2009,0.06845321497127616
Saurabh Tiwary,2009,0.052086107075895366
Manpreet Gony,2009,0.04047058067243116
Rohan Raje,2009,0.05653649611988391
Tyron Henderson,2009,0.02382532133029223
Aakash Chopra,2009,0.03792447620037037
Dillon du Preez,2009,0.038379559870009586
Shane Harwood,2009,0.031721740657368505
Siddharth Trivedi,2009,0.1032689038958447
Dhawal Kulkarni,2009,0.08393376674955652
Ravichandran Ashwin,2009,0.04254566336041809
Zaheer Khan,2009,0.09018558505760646
Morne Morkel,2009,0.05052837783487577
Muttiah Muralitharan,2009,0.40744409730331793
RP Singh,2009,0.24990949923615258
Arindam Ghosh,2009,0.03543104924362453
Shoaib Shaikh,2009,0.03447316926945446
Siddharth Chitnis,2009,0.031506150233043206
Paul Valthaty,2009,0.02591642439095938
Shanthakumaran Sreesanth,2009,0.13096010438074931
Lakshmipathy Balaji,2009,0.0809031804923494
Kamran Khan,2009,0.08993561032518133
Thilan Thushara,2009,0.014371175839288966
Mashrafe Mortaza,2009,0.03065048504590225
Ashok Dinda,2009,0.0376090740203605
Mohammad Ashraful,2009,0.012304837419429124
Pankaj Singh,2009,0.017415576770885136
Shoaib Ahmed,2009,0.04651618689238238
Amit Singh,2009,0.1323813103628373
Pragyan Ojha,2009,0.11118452484987416
Taruwar Kohli,2009,0.01083997582187804
Ajantha Mendis,2009,0.08223612361870086
Tanmay Srivastava,2009,0.0006370985360777742
Chetanya Nanda,2009,0.0007812595186939128
Dale Steyn,2009,0.005545345232259013
KP Appanna,2009,0.004924331145611044
Luke Ronchi,2009,0.0005115389705733955
Lasith Malinga,2009,0.209492003424738
Sachin Tendulkar,2010,0.683865474923476
Jacques Kallis,2010,0.4328624076083714
Suresh Raina,2010,0.3345808323478268
Sourav Ganguly,2010,0.5753343906998867
Murali Vijay,2010,0.4967727006346525
Mahela Jayawardena,2010,0.4910393718524659
Andrew Symonds,2010,0.5008776065482679
Saurabh Tiwary,2010,0.4693512355851806
Rohit Sharma,2010,0.45911385267063803
Naman Ojha,2010,0.4380443065294044
Robin Uthappa,2010,0.40998053454706346
Kumar Sangakkara,2010,0.4100864696175149
Ambati Rayudu,2010,0.4035890876274627
Subramaniam Badrinath,2010,0.42870323289839196
Virender Sehwag,2010,0.23703969271009956
Matthew Hayden,2010,0.4106955730208394
Yusuf Pathan,2010,0.2619845831457367
Tirumalasetti Suman,2010,0.37392680286562285
Virat Kohli,2010,0.3560953914152042
Chris Gayle,2010,0.33898357578575417
Adam Gilchrist,2010,0.33713515296735846
MS Dhoni,2010,0.3402182448465472
David Warner,2010,0.3315631914786164
Michael Lumb,2010,0.3324555014574676
Dinesh Karthik,2010,0.33928845301221583
Gautam Gambhir,2010,0.33397477220007055
Irfan Pathan,2010,0.19047497345666098
Kieron Pollard,2010,0.22365279202783264
Herschelle Gibbs,2010,0.33136852764854186
Rahul Dravid,2010,0.31662420738199104
Yuvraj Singh,2010,0.2598805576901891
Manish Pandey,2010,0.31560577979512217
Ravi Bopara,2010,0.30989291257175855
Manoj Tiwary,2010,0.29339754790539213
Kevin Pietersen,2010,0.185914408340706
Angelo Mathews,2010,0.20088026801985942
Manvinder Bisla,2010,0.2756931841338469
Paul Collingwood,2010,0.16572143501217174
Albie Morkel,2010,0.22787563134172728
Shikhar Dhawan,2010,0.2501988258971533
Shane Watson,2010,0.1983766225640553
Abhishek Jhunjhunwala,2010,0.24254806303908652
Adam Voges,2010,0.12155835143043299
Mohnish Mishra,2010,0.22167866814597537
Faiz Fazal,2010,0.2225165689797746
JP Duminy,2010,0.13324015698048605
Mithun Manhas,2010,0.22100259964104843
Shaun Marsh,2010,0.20799769788861827
Cheteshwar Pujara,2010,0.18180076412761353
Owais Shah,2010,0.1797134061064174
Brendon McCullum,2010,0.17069618314732074
Rajagopal Sathish,2010,0.09716128839941998
AB de Villiers,2010,0.16181205332765863
Paras Dogra,2010,0.1563684416169877
Harbhajan Singh,2010,0.24717428459926488
Brad Hodge,2010,0.14960422229846737
David Hussey,2010,0.1449171302217317
Ross Taylor,2010,0.1378897938581655
Kedar Jadhav,2010,0.12755475350378617
Parthiv Patel,2010,0.11926791518758272
Wriddhiman Saha,2010,0.12192038426063413
Ryan McLaren,2010,0.1490966536836219
Andrew McDonald,2010,0.10194506648099973
VVS Laxman,2010,0.10908856869442883
Anirudh Singh,2010,0.10756455459046235
Piyush Chawla,2010,0.14117764155750087
Dwayne Bravo,2010,0.0842517014692802
Abhishek Nayar,2010,0.10676115938540547
Abhishek Raut,2010,0.10721354584956345
Aditya Tare,2010,0.09767864545224648
Cameron White,2010,0.10224222411936007
Ryan Harris,2010,0.1132434589673768
Graeme Smith,2010,0.08927675737120681
Tillakaratne Dilshan,2010,0.08234799905059456
Adrian Barath,2010,0.08623616973011855
Ajit Agarkar,2010,0.0993346366106209
Amit Mishra,2010,0.2861778391478246
Michael Hussey,2010,0.07695210944255367
Laxmi Ratan Shukla,2010,0.08378785120986873
Eoin Morgan,2010,0.07727940137663508
Bodapati Sumanth,2010,0.08481585852655014
Aditya Dole,2010,0.08400623184676079
Venugopal Rao,2010,0.07216754594015237
Daniel Vettori,2010,0.08470917939941419
Sanath Jayasuriya,2010,0.07505762563993143
MF Maharoof,2010,0.06564526618418492
Chaminda Vaas,2010,0.17098737795764596
Ravichandran Ashwin,2010,0.3119273715932729
Rahul Sharma,2010,0.07019663279007585
Mitchell Marsh,2010,0.0649629380715111
Mohammad Kaif,2010,0.06381904392622344
Vinay Kumar,2010,0.06524186632110195
Sridharan Sriram,2010,0.0687750194873096
Shanthakumaran Sreesanth,2010,0.07521818516249404
JM Kemp,2010,0.051841729895794844
Rajat Bhatia,2010,0.06912072682433165
Zaheer Khan,2010,0.1521936156117107
Ashish Nehra,2010,0.03777529834353801
Murali Kartik,2010,0.2405561892128756
Dwayne Smith,2010,0.05711565124165855
Aaron Finch,2010,0.059859360265643126
Siddharth Trivedi,2010,0.14944117632260456
Damien Martyn,2010,0.05346475110513345
Karan Goel,2010,0.05675292360797923
Lakshmipathy Balaji,2010,0.040157308234114966
George Bailey,2010,0.05092565766937823
Doug Bollinger,2010,0.1565398346408528
Chandan Madan,2010,0.047969706476148476
Sumit Narwal,2010,0.05353450641930255
Mark Boucher,2010,0.05744582639539229
Dale Steyn,2010,0.2778451428407486
Shaun Tait,2010,0.11356143593455892
Dimitri Mascarenhas,2010,0.051939806930311375
Brett Lee,2010,0.05311932278936806
Moises Henriques,2010,0.07711217463680035
Kemar Roach,2010,0.04668871988674713
Shane Warne,2010,0.1489428856360136
Thilan Thushara,2010,0.0429078888516964
Pradeep Sangwan,2010,0.10731678173082058
Bipul Sharma,2010,0.04795603443457133
Morne Morkel,2010,0.03422428230849911
RP Singh,2010,0.10196168683665091
Jaskaran Singh,2010,0.04705804015047722
Shreevats Goswami,2010,0.03640297328771398
Stuart Binny,2010,0.05641344774568962
Vikramjeet Malik,2010,0.04372728127546941
Ishant Sharma,2010,0.027246332707364644
Anil Kumble,2010,0.3105742110450681
Swapnil Asnodkar,2010,0.04269955298004468
Abhimanyu Mithun,2010,0.042908818922551974
Ramesh Powar,2010,0.10558185529394859
Amit Uniyal,2010,0.024543081765598145
Reetinder Sodhi,2010,0.06182180977093379
Munaf Patel,2010,0.030892303468355125
Praveen Kumar,2010,0.19521999473774881
Dirk Nannes,2010,0.18116276083787217
Arun Karthik,2010,0.021182363736016497
Umesh Yadav,2010,0.05751042113299888
Sudeep Tyagi,2010,0.04331940734243239
Pragyan Ojha,2010,0.24198750199400168
KP Appanna,2010,0.023307203612692826
Rohan Gavaskar,2010,0.013113999063790679
Juan Theron,2010,0.06403174415297669
Manpreet Gony,2010,0.01488327285237571
Dilhara Fernando,2010,0.05852713954766757
Azhar Bilakhia,2010,0.01788526255295707
Pankaj Singh,2010,0.016285540681345727
Shalabh Srivastava,2010,0.019368725567619916
Roelof van der Merwe,2010,0.01589491092199877
Shane Bond,2010,0.15773208386459095
Chris Gayle,2011,0.4628716572646597
Virat Kohli,2011,0.6364312102388896
Sachin Tendulkar,2011,0.6444369811425343
Shaun Marsh,2011,0.5518418239656752
Michael Hussey,2011,0.5673389435827391
Paul Valthaty,2011,0.523314132640567
Suresh Raina,2011,0.3046711190775621
Murali Vijay,2011,0.49294462200013794
Virender Sehwag,2011,0.4588768706166341
Jacques Kallis,2011,0.3275788796131018
Shikhar Dhawan,2011,0.4615471040430274
Subramaniam Badrinath,2011,0.46950999868022947
Ambati Rayudu,2011,0.4745986023453226
MS Dhoni,2011,0.4356735559185106
Adam Gilchrist,2011,0.4445569416814882
Gautam Gambhir,2011,0.44904155733296236
Rohit Sharma,2011,0.43608994864055733
Manoj Tiwary,2011,0.44408483771519175
Kumar Sangakkara,2011,0.42178704000206857
Brendon McCullum,2011,0.41506020953194284
Rahul Dravid,2011,0.42084859850878026
Yuvraj Singh,2011,0.24756792083786425
Venugopal Rao,2011,0.4013302245404962
Shane Watson,2011,0.3218070306832976
David Warner,2011,0.3913722349109722
AB de Villiers,2011,0.3722479319642008
Mahela Jayawardena,2011,0.3648532176126774
Jesse Ryder,2011,0.21284509549403047
Brad Hodge,2011,0.20888924209769075
Yusuf Pathan,2011,0.28066865028723
Ravindra Jadeja,2011,0.3436416496517955
Dinesh Karthik,2011,0.3409331903132377
Robin Uthappa,2011,0.32431952063404046
Sunny Sohal,2011,0.30418860200026626
Manish Pandey,2011,0.3139591823523892
Johan Botha,2011,0.20469838666729012
Tillakaratne Dilshan,2011,0.2871435654582474
Bharat Chipli,2011,0.2676646264942402
JP Duminy,2011,0.13515722484188797
Parthiv Patel,2011,0.2659833374085938
James Hopes,2011,0.25812674987018536
Dan Christian,2011,0.2105120221961464
Saurabh Tiwary,2011,0.2555802158675855
Dwaraka Ravi Teja,2011,0.23781037510780687
Ross Taylor,2011,0.2429165571120705
Ashok Menaria,2011,0.15301572834476504
Naman Ojha,2011,0.22322230674499477
Irfan Pathan,2011,0.16693399567490835
Kieron Pollard,2011,0.11442509686339475
Mayank Agarwal,2011,0.193892615321113
Albie Morkel,2011,0.14256240286670427
Eoin Morgan,2011,0.19098195857855038
Andrew Symonds,2011,0.1996180385010271
Ajinkya Rahane,2011,0.1713901090126749
Aiden Blizzard,2011,0.17240565337989144
Mithun Manhas,2011,0.09977093229752888
Yogesh Nagar,2011,0.16338973251999256
James Franklin,2011,0.17043799547780947
Ryan ten Doeschate,2011,0.16973486191098497
Cameron White,2011,0.15811864895303318
Harbhajan Singh,2011,0.15502030779052406
Davy Jacobs,2011,0.1414475008949607
Ryan McLaren,2011,0.14454928719834662
Srikkanth Anirudha,2011,0.13298348408076774
Travis Birt,2011,0.12173799736585332
Michael Klinger,2011,0.12001680824050219
Manvinder Bisla,2011,0.12031759315519935
Wriddhiman Saha,2011,0.13536093120182174
Amit Mishra,2011,0.26343108888591704
Mohnish Mishra,2011,0.11284279970300978
Tirumalasetti Suman,2011,0.112361488035243
David Hussey,2011,0.10921357021741987
Abhishek Nayar,2011,0.10858679546783914
Abhishek Raut,2011,0.1065734710867478
Luke Pomersbach,2011,0.09574902744815808
Mitchell Marsh,2011,0.06003812861663786
Sourav Ganguly,2011,0.09640128613918193
Vinay Kumar,2011,0.15587854002026488
Amit Paunikar,2011,0.09189109353917908
Callum Ferguson,2011,0.09519535626782656
Piyush Chawla,2011,0.13255384717564522
Mandeep Singh,2011,0.09021017648187492
Aaron Finch,2011,0.08817797166241516
Raiphi Gomez,2011,0.07743748431764222
VVS Laxman,2011,0.08513943017720918
Sunny Singh,2011,0.09047217744189405
Graeme Smith,2011,0.08181228770551427
Mohammad Kaif,2011,0.08684499411218645
Morne Morkel,2011,0.12422620008725446
Stuart Binny,2011,0.0897178899780122
Wayne Parnell,2011,0.12369514282008023
Dale Steyn,2011,0.16502109414392774
Cheteshwar Pujara,2011,0.0752639378325759
Asad Pathan,2011,0.09586705343973219
Ryan Harris,2011,0.07518815371776444
Shreevats Goswami,2011,0.06722784661903897
Shakib Al Hasan,2011,0.12008664207475067
Ishank Jaggi,2011,0.06357285417074929
Abhimanyu Mithun,2011,0.07636811795232996
Praveen Kumar,2011,0.1600481725755132
Owais Shah,2011,0.07934183349890145
Nathan McCullum,2011,0.07157899710273628
Rajat Bhatia,2011,0.08330598573359886
Rajagopal Sathish,2011,0.061650862747676706
Rahul Sharma,2011,0.2354516845020012
Thisara Perera,2011,0.05873471858706612
Bipul Sharma,2011,0.03923447275147547
Daniel Vettori,2011,0.23844289776219224
Matthew Wade,2011,0.052223199520009034
Colin Ingram,2011,0.05480498320803574
Zaheer Khan,2011,0.07034619204222034
Y Gnaneswara Rao,2011,0.060669079952518024
Faiz Fazal,2011,0.05464166276579449
Johan van der Wath,2011,0.05658086049969545
Sachin Rana,2011,0.05890603763866543
Kedar Jadhav,2011,0.05015927928437373
Brad Haddin,2011,0.07118325195368358
Dishant Yagnik,2011,0.05224505618511535
Iqbal Abdulla,2011,0.14785652180082018
Syed Mohammad,2011,0.06937219430739806
Roelof van der Merwe,2011,0.1346475068838305
Harpreet Singh,2011,0.04457364575405448
Laxmi Ratan Shukla,2011,0.059505933340519686
Sreenath Aravind,2011,0.16824653571766554
Balachandra Akhil,2011,0.058795731235192696
Murali Kartik,2011,0.04576413644920711
Dwayne Bravo,2011,0.06629353241363736
Ramesh Powar,2011,0.04421473141088308
Shane Warne,2011,0.2665206140959898
Tim Paine,2011,0.03224797474746019
Abhishek Jhunjhunwala,2011,0.03446889094351876
Shaun Tait,2011,0.0455176676724763
Swapnil Asnodkar,2011,0.04212755940385807
Siddharth Chitnis,2011,0.04212755940385807
Charl Langeveldt,2011,0.03843288498298397
Andrew McDonald,2011,0.04375685752867711
Lasith Malinga,2011,0.3757797384003297
Arun Karthik,2011,0.035821679002971486
Ishan Malhotra,2011,0.05644600022563519
Ajit Agarkar,2011,0.0465450239395588
Mark Boucher,2011,0.039844235453389554
Muttiah Muralitharan,2011,0.050468160556322285
Brett Lee,2011,0.06299946635770226
Scott Styris,2011,0.07637741866088583
Pinal Shah,2011,0.03660293852166539
Ishant Sharma,2011,0.1484227813414644
Lakshmipathy Balaji,2011,0.05913078977751582
Shalabh Srivastava,2011,0.044524631019965004
Sridharan Sriram,2011,0.023413045676058737
Ryan Ninan,2011,0.02026624394326233
Chris Gayle,2012,0.761576429177104
Gautam Gambhir,2012,0.6384988507579474
Shikhar Dhawan,2012,0.32462156452194546
Ajinkya Rahane,2012,0.6291346183626306
Virender Sehwag,2012,0.5331689774122061
Cameron White,2012,0.5227320012920544
Rahul Dravid,2012,0.5475552203993557
Suresh Raina,2012,0.2550866496308314
Rohit Sharma,2012,0.49784218911149314
Mandeep Singh,2012,0.4955892784780023
Jacques Kallis,2012,0.3540836438907372
Robin Uthappa,2012,0.47364481468291697
Faf du Plessis,2012,0.4523496333521177
David Hussey,2012,0.22692905763639787
Dwayne Bravo,2012,0.27045720608622814
Virat Kohli,2012,0.4385809574130786
Steve Smith,2012,0.4164747542962066
MS Dhoni,2012,0.415545241483132
Owais Shah,2012,0.39811496959272846
Murali Vijay,2012,0.3979868058288285
Shaun Marsh,2012,0.40358453028027036
Mahela Jayawardena,2012,0.40984483720923315
Ambati Rayudu,2012,0.3919582725570782
Sachin Tendulkar,2012,0.39523853945765147
AB de Villiers,2012,0.3683201497339672
Kevin Pietersen,2012,0.36444863679049666
Brendon McCullum,2012,0.36746615867436627
Tillakaratne Dilshan,2012,0.3590401817581669
Sourav Ganguly,2012,0.3457446328633655
Michael Hussey,2012,0.3296118098165073
Manoj Tiwary,2012,0.3313460199338366
Jesse Ryder,2012,0.3149540791466117
David Warner,2012,0.3061271486845683
Naman Ojha,2012,0.3246662510490037
Shane Watson,2012,0.309110722982209
Brad Hodge,2012,0.2966567021975435
JP Duminy,2012,0.3198516462579669
Dinesh Karthik,2012,0.30363307067822354
Mayank Agarwal,2012,0.27827766502735485
James Franklin,2012,0.28985500102354306
Kieron Pollard,2012,0.21040798149935816
Ashok Menaria,2012,0.1485724644429879
Manvinder Bisla,2012,0.2644838771752149
Kumar Sangakkara,2012,0.26172519401045535
Ross Taylor,2012,0.25324527298463184
Subramaniam Badrinath,2012,0.26221190008918455
Yusuf Pathan,2012,0.17080693686949228
Parthiv Patel,2012,0.25121939264699
Ravindra Jadeja,2012,0.25093256865057234
Saurabh Tiwary,2012,0.2500192292149393
Azhar Mahmood,2012,0.15455028142382685
Irfan Pathan,2012,0.19554532274467798
Adam Gilchrist,2012,0.23216586809232886
Dwayne Smith,2012,0.13713430000789675
Yogesh Nagar,2012,0.21113984926713672
Dan Christian,2012,0.11682721719757332
Manish Pandey,2012,0.195603294645796
Nitin Saini,2012,0.19694706101794954
Venugopal Rao,2012,0.18686109363869668
Angelo Mathews,2012,0.17959920466164886
Debabrata Das,2012,0.1902913809682763
Marlon Samuels,2012,0.14871383816834607
Mithun Manhas,2012,0.17549041938662013
Daniel Harris,2012,0.16435886635151525
Harbhajan Singh,2012,0.31147920709917487
Albie Morkel,2012,0.19632953797471664
Piyush Chawla,2012,0.2959595941185412
David Miller,2012,0.15183388116056848
Michael Clarke,2012,0.07471793698713945
Shakib Al Hasan,2012,0.14729204454108877
Stuart Binny,2012,0.09211985998417391
Anustup Majumdar,2012,0.13410059218541445
Gurkeerat Mann Singh,2012,0.1421176169464118
Richard Levi,2012,0.13143668324083935
Herschelle Gibbs,2012,0.13909897897751544
Laxmi Ratan Shukla,2012,0.12406373254733666
Akshath Reddy,2012,0.12117735065410487
Bipul Sharma,2012,0.12408438012033068
Shreevats Goswami,2012,0.11515653697045604
Vinay Kumar,2012,0.14450934137638818
Siddharth Chitnis,2012,0.11414713107088638
Johan Botha,2012,0.08843197145185805
Aaron Finch,2012,0.10271274696520205
Lasith Malinga,2012,0.2668493721553955
Callum Ferguson,2012,0.09071129865886572
Andrew McDonald,2012,0.0976544636100012
Andre Russell,2012,0.10470328461033147
Abhishek Nayar,2012,0.08581977700807181
Brett Lee,2012,0.143178749199513
Bhuvneshwar Kumar,2012,0.05858745626144449
Kevon Cooper,2012,0.07724216617887693
Bharat Chipli,2012,0.07862372579130195
Pawan Negi,2012,0.12670183970267823
Unmukt Chand,2012,0.07769142276566056
Rajat Bhatia,2012,0.10505273568724396
Praveen Kumar,2012,0.2068883667665939
Ashish Reddy,2012,0.057773113313706784
Robin Peterson,2012,0.07321499173771555
Daniel Vettori,2012,0.1101545018175365
Paul Valthaty,2012,0.06703411285982001
Murali Kartik,2012,0.05579403634190934
Dishant Yagnik,2012,0.09129389504280606
Abhishek Jhunjhunwala,2012,0.054567801812969455
Ryan ten Doeschate,2012,0.057780651903403965
Wayne Parnell,2012,0.09838753669949545
Alfonso Thomas,2012,0.071771990960943
Srikkanth Anirudha,2012,0.09502087497531825
Dale Steyn,2012,0.23377037630488887
Ravichandran Ashwin,2012,0.2231500327088266
Ankit Sharma,2012,0.13513265381870218
Ryan Harris,2012,0.07700331370171973
Cheteshwar Pujara,2012,0.0472558770944847
Amit Mishra,2012,0.060210098882949814
Harmeet Singh Bansal,2012,0.08393591849007834
Tirumalasetti Suman,2012,0.04506323505243601
Brad Hogg,2012,0.1515562617946812
Paras Dogra,2012,0.04302972813377842
Ishank Jaggi,2012,0.044066943151930146
Harshal Patel,2012,0.03315820758811196
James Faulkner,2012,0.05185972782964525
Dimitri Mascarenhas,2012,0.045015615424629896
Mohammad Kaif,2012,0.046940676081525926
Sreenath Aravind,2012,0.063198314637204
Doug Bracewell,2012,0.04964002072569895
Zaheer Khan,2012,0.15317389272818605
Ankeet Chavan,2012,0.05833404406247882
Ashish Nehra,2012,0.06253806119538804
Krishnakant Upadhyay,2012,0.04978669289962517
Dhawal Kulkarni,2012,0.07165065705049233
Sunil Narine,2012,0.2774638884495216
Clint McKay,2012,0.030666575271703928
Shadab Jakati,2012,0.032610423359882824
Juan Theron,2012,0.04103900447447788
Glenn Maxwell,2012,0.026141236634070898
Bhargav Bhatt,2012,0.09248159552539191
RP Singh,2012,0.03115272330791977
Wriddhiman Saha,2012,0.02598013424456716
Asad Pathan,2012,0.03471498769190733
Chris Lynn,2012,0.029613084013579403
Harpreet Singh,2012,0.037193533514963774
Muttiah Muralitharan,2012,0.17814681953233713
Pragyan Ojha,2012,0.09118013373777274
Siddharth Trivedi,2012,0.10324292818707323
Nuwan Kulasekara,2012,0.09217324390014142
Dwaraka Ravi Teja,2012,0.03474279681048942
Thisara Perera,2012,0.021904470748295015
Parvinder Awana,2012,0.08595890295576034
Syed Mohammad,2012,0.11858403408746888
Mohnish Mishra,2012,0.03473349610193354
Manpreet Gony,2012,0.023819114611608457
Michael Hussey,2013,0.803943481826276
Chris Gayle,2013,0.7467165941102891
Virat Kohli,2013,0.6881016686494226
Suresh Raina,2013,0.5895680090596341
Shane Watson,2013,0.33247545300823556
Rohit Sharma,2013,0.5985422627452027
Dinesh Karthik,2013,0.5789550635336052
Ajinkya Rahane,2013,0.5824661740205355
Rahul Dravid,2013,0.5622476427121647
MS Dhoni,2013,0.4990145434249618
Aaron Finch,2013,0.5143738265412273
Robin Uthappa,2013,0.5057913187000326
Kieron Pollard,2013,0.4731480638389474
Dwayne Smith,2013,0.48641803578522025
David Miller,2013,0.4626472848581024
David Warner,2013,0.47542190106668897
Gautam Gambhir,2013,0.47825219968732874
AB de Villiers,2013,0.4030441591131737
Yusuf Pathan,2013,0.38797617418887825
Mahela Jayawardena,2013,0.410789696191425
Murali Vijay,2013,0.38320732888393644
Jacques Kallis,2013,0.31215910726577756
Shikhar Dhawan,2013,0.3768406218490944
Eoin Morgan,2013,0.3662433945205248
Shaun Marsh,2013,0.36591201027467884
Virender Sehwag,2013,0.35691803908697173
Parthiv Patel,2013,0.3603155879224348
Adam Gilchrist,2013,0.35481998525093633
Brad Hodge,2013,0.3560018262871322
Stuart Binny,2013,0.21498030689706116
Sachin Tendulkar,2013,0.3487833603627425
Ambati Rayudu,2013,0.32802436488018966
Mandeep Singh,2013,0.32463462863991366
Manvinder Bisla,2013,0.3285728276637299
Hanuma Vihari,2013,0.16440848865836924
Yuvraj Singh,2013,0.172409160809535
David Hussey,2013,0.16571963694698902
Thisara Perera,2013,0.29705950495413325
Cameron White,2013,0.2707928268099249
Sanju Samson,2013,0.26553411318534487
Ravindra Jadeja,2013,0.16233632308783894
Azhar Mahmood,2013,0.2089202878944349
Ben Rohrer,2013,0.2472209250317317
Darren Sammy,2013,0.13342929634513673
Angelo Mathews,2013,0.13554289006522047
Moises Henriques,2013,0.15807486654532382
Manan Vohra,2013,0.21429985800608248
Steve Smith,2013,0.21884753246156552
Unmukt Chand,2013,0.21803976592348737
Kedar Jadhav,2013,0.20420496194661597
Manoj Tiwary,2013,0.20070863958628962
Irfan Pathan,2013,0.14376069403014902
Mitchell Marsh,2013,0.1019593505383197
Manish Pandey,2013,0.19311888937634936
Manpreet Juneja,2013,0.1784489747782455
Ashish Reddy,2013,0.17699852927895607
Dishant Yagnik,2013,0.1771444573961978
Subramaniam Badrinath,2013,0.18021927164477175
Biplap Samantray,2013,0.17825096269309088
Aditya Tare,2013,0.17400435217356167
Dwayne Bravo,2013,0.19481104788303094
Kumar Sangakkara,2013,0.17747742276249834
Harbhajan Singh,2013,0.28264843627278735
Saurabh Tiwary,2013,0.1635155711067536
Rajagopal Sathish,2013,0.16121522685962786
Gurkeerat Mann Singh,2013,0.15854062210021347
Luke Wright,2013,0.16065448714079386
Rajat Bhatia,2013,0.15211076325427703
Cheteshwar Pujara,2013,0.1458166947532564
Akshath Reddy,2013,0.14083402615861484
Amit Mishra,2013,0.4115021715236371
Karn Sharma,2013,0.18598100602590473
Ryan ten Doeschate,2013,0.13640447070179146
Tillakaratne Dilshan,2013,0.1270636760920357
Debabrata Das,2013,0.12401425277781938
Vinay Kumar,2013,0.15381919716176828
Wriddhiman Saha,2013,0.11817024556381779
Mayank Agarwal,2013,0.11170764822376462
Abhishek Nayar,2013,0.11377287055859776
Piyush Chawla,2013,0.19470365313279014
Ross Taylor,2013,0.10618423643368421
Luke Pomersbach,2013,0.10642149750894474
Morne Morkel,2013,0.11685735754406977
James Faulkner,2013,0.3185602242645764
Dale Steyn,2013,0.45222060913721873
Ricky Ponting,2013,0.095858031752433
Bhuvneshwar Kumar,2013,0.17788358630748
Tirumalasetti Suman,2013,0.09541550403934422
Praveen Kumar,2013,0.20135268507993154
Albie Morkel,2013,0.14846563317843836
Manpreet Gony,2013,0.09439120799857531
Chidhambaram Gautam,2013,0.09162323313276975
Johan Botha,2013,0.09654033740244455
Arun Karthik,2013,0.08647901123051258
Mitchell Johnson,2013,0.2007073261502859
Kevon Cooper,2013,0.07756516250710678
Umesh Yadav,2013,0.09752722991695675
Ravi Rampaul,2013,0.18046645270245
Glenn Maxwell,2013,0.0831411729439784
Ravichandran Ashwin,2013,0.1592974303050977
Kane Richardson,2013,0.07334203941658887
Owais Shah,2013,0.06318799085070698
Jeevan Mendis,2013,0.05516808287005729
Sumit Narwal,2013,0.07599822877306261
Roelof van der Merwe,2013,0.06798204902653512
Sunil Narine,2013,0.3678646030683527
Brett Lee,2013,0.08499430994812582
Rishi Dhawan,2013,0.05842705114803762
KL Rahul,2013,0.06273327920941
Abhinav Mukund,2013,0.05519105562019032
Bharat Chipli,2013,0.05077982255922203
Shahbaz Nadeem,2013,0.11237851428908688
Dwaraka Ravi Teja,2013,0.04659980511295292
Kushal Janith Perera,2013,0.05004608966124866
Chris Morris,2013,0.08230560679413107
Mithun Manhas,2013,0.03938915178375034
Ajit Agarkar,2013,0.042815811836993185
Andre Russell,2013,0.038813437924141374
Rahul Sharma,2013,0.10143486437582433
Syed Mohammad,2013,0.04018504746600353
Sachithra Senanayake,2013,0.14572933741218624
Thalaivan Sargunam,2013,0.03481645842225199
Lakshmipathy Balaji,2013,0.08654554123150951
Naman Ojha,2013,0.0408859148116481
Karun Nair,2013,0.03487300673027174
Lasith Malinga,2013,0.12458959820738785
Nathan Coulter-Nile,2013,0.05499508969091793
Ashok Dinda,2013,0.0433376745940636
Iqbal Abdulla,2013,0.029914240956618796
Marlon Samuels,2013,0.028880002165204952
Siddarth Kaul,2013,0.025126556226601107
Udit Birla,2013,0.02872523837483511
Dan Christian,2013,0.024070233742617214
Quinton de Kock,2013,0.025014255661039025
Paul Valthaty,2013,0.024163147821090455
Brendon McCullum,2013,0.03408253951010749
Mohammad Shami,2013,0.02463757696452589
Dimitri Mascarenhas,2013,0.03377552312067791
Ali Murtaza,2013,0.05214423061479839
Mahesh Rawat,2013,0.024186027564137916
Wayne Parnell,2013,0.029669446307428037
Parveez Rasool,2013,0.02607500147183713
Paras Dogra,2013,0.026437264070088652
Ben Laughlin,2013,0.021904470748295015
Pradeep Sangwan,2013,0.061431180011586824
Ajit Chandila,2013,0.09537148545599017
Raiphi Gomez,2013,0.11858403408746888
Laxmi Ratan Shukla,2013,0.016745925754861786
Siddharth Trivedi,2013,0.13609527611604086
Ryan McLaren,2013,0.020103481543534432
Robin Uthappa,2014,0.7146495181442409
Dwayne Smith,2014,0.3244387095741054
Glenn Maxwell,2014,0.5680849534160062
David Warner,2014,0.5787533311650281
Suresh Raina,2014,0.3292359566298359
Virender Sehwag,2014,0.5065757404596354
David Miller,2014,0.4945434138008936
JP Duminy,2014,0.27321989668487573
Brendon McCullum,2014,0.47141822505463943
Manish Pandey,2014,0.4706309200753841
AB de Villiers,2014,0.43508091476933
Lendl Simmons,2014,0.45704844432163383
Rohit Sharma,2014,0.44845254346011854
Shikhar Dhawan,2014,0.4496853523792004
Yuvraj Singh,2014,0.43303364280200973
MS Dhoni,2014,0.4355735733015349
Wriddhiman Saha,2014,0.4139938832960111
Ambati Rayudu,2014,0.4172887523090172
Virat Kohli,2014,0.41929240395321044
Sanju Samson,2014,0.39821969557106773
Ajinkya Rahane,2014,0.40582190873047275
Gautam Gambhir,2014,0.4043923898254341
Karun Nair,2014,0.3822446125413173
Dinesh Karthik,2014,0.38231613499011197
Manan Vohra,2014,0.3760467133667645
Aaron Finch,2014,0.37576648301797577
Faf du Plessis,2014,0.3579071694418896
Kevin Pietersen,2014,0.3536071728552496
Kieron Pollard,2014,0.33101240351793726
Yusuf Pathan,2014,0.3150309029992832
Corey Anderson,2014,0.31551798110635465
George Bailey,2014,0.3140654894511829
Shane Watson,2014,0.21056471899950147
Naman Ojha,2014,0.2882504427834826
Shakib Al Hasan,2014,0.27128757378740653
Michael Hussey,2014,0.2664613008212805
Murali Vijay,2014,0.2684061719874005
Parthiv Patel,2014,0.26978667615834984
Chris Gayle,2014,0.25957635830570486
James Faulkner,2014,0.17819370636611898
KL Rahul,2014,0.224414564574773
Suryakumar Yadav,2014,0.22294142534660719
Quinton de Kock,2014,0.20727410276297079
Manoj Tiwary,2014,0.2071352431842315
Jacques Kallis,2014,0.20506732364391717
Kedar Jadhav,2014,0.20474319395074475
Steve Smith,2014,0.203897387514673
Ravindra Jadeja,2014,0.22816059781744807
Aditya Tare,2014,0.18166069545676197
Cheteshwar Pujara,2014,0.18230132826209097
Stuart Binny,2014,0.17628795514528686
Chidhambaram Gautam,2014,0.17584533442511255
David Hussey,2014,0.18086994921534108
Mayank Agarwal,2014,0.16332844085060932
Darren Sammy,2014,0.15806386777963904
Yogesh Takawale,2014,0.15569181506954743
Brad Hodge,2014,0.1528096184951658
Mitchell Starc,2014,0.24576818429785025
Rishi Dhawan,2014,0.2535702755069468
Sachin Rana,2014,0.12548804305558411
Venugopal Rao,2014,0.12097812947683793
Shaun Marsh,2014,0.1231265931532462
Rajat Bhatia,2014,0.21624257127104946
Axar Patel,2014,0.5276908014627161
Ross Taylor,2014,0.10425647857130699
Chris Lynn,2014,0.10692708402604235
Mitchell Johnson,2014,0.09094266589174979
Irfan Pathan,2014,0.06282462211881108
Ryan ten Doeschate,2014,0.10569018279519587
Albie Morkel,2014,0.12402568701557079
Ravichandran Ashwin,2014,0.2834658178150531
Abhishek Nayar,2014,0.08522601977386443
Jimmy Neesham,2014,0.0818629765671438
Karn Sharma,2014,0.2873155950375463
Ben Dunk,2014,0.08262461159078482
Rilee Rossouw,2014,0.07797453633410152
Kevon Cooper,2014,0.08886827025143257
Varun Aaron,2014,0.10329638685815346
Dhawal Kulkarni,2014,0.13324632369161096
Mithun Manhas,2014,0.09031704162318197
Ankit Sharma,2014,0.12743433698896078
Piyush Chawla,2014,0.2542472499916636
Laxmi Ratan Shukla,2014,0.06742251044911354
Vijay Zol,2014,0.06990812481067245
Harbhajan Singh,2014,0.28907432890646123
Mandeep Singh,2014,0.05838333781782499
Dale Steyn,2014,0.2636896711449684
Rahul Shukla,2014,0.05560902946269156
Nic Maddinson,2014,0.053955084460199434
Rahul Tewatia,2014,0.11268389905039775
Jason Holder,2014,0.061024087998095965
Ravi Rampaul,2014,0.04979454851214117
Harshal Patel,2014,0.06934152564544825
Shreyas Gopal,2014,0.048628754684418136
Sunil Narine,2014,0.44487228751637536
Moises Henriques,2014,0.03080329329773319
Zaheer Khan,2014,0.11764429013532327
Imran Tahir,2014,0.05753354173207349
Ben Cutting,2014,0.049221488840684356
Dwayne Bravo,2014,0.08287824191310365
Shahbaz Nadeem,2014,0.10638182772524209
Pravin Tambe,2014,0.14578872383921126
Shivam Sharma,2014,0.05632006863178858
Morne Morkel,2014,0.22104916749466913
Vinay Kumar,2014,0.0298688534988661
Ashok Dinda,2014,0.062474394495000904
Amit Mishra,2014,0.035158662380457055
Tim Southee,2014,0.037475932899618564
Dishant Yagnik,2014,0.024144267382722014
Abu Nechim,2014,0.0933513642757934
Mohammad Shami,2014,0.09525264438039786
Manvinder Bisla,2014,0.016603903935213493
Srikkanth Anirudha,2014,0.02224729486566475
Lasith Malinga,2014,0.18675009234043136
Wayne Parnell,2014,0.10883693102169925
Sandeep Sharma,2014,0.09521868108456852
Umesh Yadav,2014,0.04231930228994102
Andre Russell,2014,0.013169803315125957
Siddarth Kaul,2014,0.03221300408329008
Unmukt Chand,2014,0.012433373211671385
Yuzvendra Chahal,2014,0.32875885160601326
Kane Richardson,2014,0.04318326264459594
Bhuvneshwar Kumar,2014,0.3977382265720197
Jasprit Bumrah,2014,0.04902815134425895
Jaydev Unadkat,2014,0.014083016296004244
Praveen Kumar,2014,0.05615438833746964
Marchant de Lange,2014,0.01589491092199877
Vikramjeet Malik,2014,0.01570424639660323
Karanveer Singh,2014,0.09526721232038163
Lakshmipathy Balaji,2014,0.08279529712468467
Mohit Sharma,2014,0.11757097973072497
Beuran Hendricks,2014,0.0007812595186939128
David Warner,2015,0.6024910645767727
Lendl Simmons,2015,0.6179031757176356
Ajinkya Rahane,2015,0.6021369866020504
AB de Villiers,2015,0.5468359966067295
Virat Kohli,2015,0.5668244283854276
Chris Gayle,2015,0.5414259604539453
Rohit Sharma,2015,0.5277936329023355
Shreyas Iyer,2015,0.5030277061597384
Brendon McCullum,2015,0.482785086016208
Kieron Pollard,2015,0.45779482618324313
JP Duminy,2015,0.303967849349184
Dwayne Smith,2015,0.4753853492820644
Faf du Plessis,2015,0.44019146810661475
Suresh Raina,2015,0.23183281485453325
MS Dhoni,2015,0.43891215564475355
Robin Uthappa,2015,0.4208841272154637
David Miller,2015,0.4103022460560114
Shikhar Dhawan,2015,0.4187604034238141
Shane Watson,2015,0.25559040668051475
Parthiv Patel,2015,0.394611299672643
Gautam Gambhir,2015,0.3942502461665037
Andre Russell,2015,0.3024590266867011
Yusuf Pathan,2015,0.19228118254682083
Steve Smith,2015,0.3472538588407281
Moises Henriques,2015,0.28525166323353973
Ambati Rayudu,2015,0.3330642328324499
George Bailey,2015,0.30990881678338905
Murali Vijay,2015,0.17069711308551302
Wriddhiman Saha,2015,0.3008699231733572
Yuvraj Singh,2015,0.30894703051162553
Manish Pandey,2015,0.2817773356427613
Mayank Agarwal,2015,0.2719178405168441
Axar Patel,2015,0.19249434981040753
Sanju Samson,2015,0.2585545824637559
Dwayne Bravo,2015,0.2888934662007143
Kedar Jadhav,2015,0.24383332795442356
Eoin Morgan,2015,0.2403482594514498
Karun Nair,2015,0.23536903211897392
Suryakumar Yadav,2015,0.20963341350234088
Mandeep Singh,2015,0.21026800084710856
Deepak Hooda,2015,0.1494147007665061
Ravi Bopara,2015,0.1345506305353299
Glenn Maxwell,2015,0.1959121711769368
Angelo Mathews,2015,0.11824492895058698
James Faulkner,2015,0.19305534678271197
KL Rahul,2015,0.19784178918102516
Dinesh Karthik,2015,0.19462086080103844
Naman Ojha,2015,0.19080608217975872
Ravindra Jadeja,2015,0.2917729140783951
David Wiese,2015,0.11813410520007599
Quinton de Kock,2015,0.18057009437149954
Harbhajan Singh,2015,0.19905189254194505
Pawan Negi,2015,0.17419611318312572
Corey Anderson,2015,0.09439687917168221
Hardik Pandya,2015,0.16856734396596534
Sarfaraz Khan,2015,0.16791945660796276
Saurabh Tiwary,2015,0.15064766879135152
Karn Sharma,2015,0.2301339224576453
Unmukt Chand,2015,0.1521818206676439
Virender Sehwag,2015,0.14793465210560136
Albie Morkel,2015,0.16261637860357117
Manan Vohra,2015,0.12841023267675603
Shaun Marsh,2015,0.12925101673020756
Michael Hussey,2015,0.12328786743960517
Chris Morris,2015,0.25985391296296956
Stuart Binny,2015,0.09707695965406314
Ashish Reddy,2015,0.12643755239205387
Ryan ten Doeschate,2015,0.11067433950320636
Manoj Tiwary,2015,0.10741555723939716
Piyush Chawla,2015,0.13489999292930743
Ravichandran Ashwin,2015,0.39533681125390907
Jagadeesha Suchith,2015,0.1837603520436683
Hanuma Vihari,2015,0.08048154232533897
Manvinder Bisla,2015,0.08244827015656533
Shakib Al Hasan,2015,0.0813597394616365
Rishi Dhawan,2015,0.05828700458460154
Gurkeerat Mann Singh,2015,0.06282979692543798
Kane Williamson,2015,0.07849900328956762
Johan Botha,2015,0.09282544272070278
Mitchell Johnson,2015,0.08425060699131755
Umesh Yadav,2015,0.08601925701915539
Mohit Sharma,2015,0.22325484786327252
Aaron Finch,2015,0.057686621739904013
Nathan Coulter-Nile,2015,0.16440133044036884
Dale Steyn,2015,0.07476411775478291
Iqbal Abdulla,2015,0.0684063501005179
Harshal Patel,2015,0.21616453769528007
Anureet Singh,2015,0.11239990400214395
Bhuvneshwar Kumar,2015,0.31980621531673403
Praveen Kumar,2015,0.049889186707910975
Sean Abbott,2015,0.05250045364205981
Aditya Tare,2015,0.04379099112907719
Rilee Rossouw,2015,0.05731561647560997
Darren Sammy,2015,0.04013553364535971
Mitchell McClenaghan,2015,0.23463195060747655
Tim Southee,2015,0.06263227351449316
Thisara Perera,2015,0.04057899142930406
Mitchell Starc,2015,0.3301957763489354
Karanveer Singh,2015,0.041283520102411965
Abu Nechim,2015,0.07263853382142212
Sandeep Sharma,2015,0.26743433460373034
Amit Mishra,2015,0.1813845657943899
Ankit Sharma,2015,0.04537313466151792
Brad Hogg,2015,0.09885213714757682
Shardul Thakur,2015,0.04064837471513093
Lasith Malinga,2015,0.2608658868393268
Varun Aaron,2015,0.07856103758265781
Azhar Mahmood,2015,0.03408253951010749
Imran Tahir,2015,0.059333548863108654
Morne Morkel,2015,0.06117737899254545
Chidhambaram Gautam,2015,0.028981007860121807
Nic Maddinson,2015,0.023910633583798312
Dhawal Kulkarni,2015,0.0729677826807128
Pravin Tambe,2015,0.12322197032722303
Parveez Rasool,2015,0.05454217626049536
Shahbaz Nadeem,2015,0.038144220040239714
Ronit More,2015,0.031041114805249213
Domnic Joseph,2015,0.1054293440865379
Ashish Nehra,2015,0.29060014772487464
Yuzvendra Chahal,2015,0.052299799752631174
Shreyas Gopal,2015,0.0296088056876437
Bipul Sharma,2015,0.05055883717319867
Juan Theron,2015,0.0296088056876437
Beuran Hendricks,2015,0.018298479904589545
Vinay Kumar,2015,0.10838718142573847
Sunil Narine,2015,0.08606922968854953
Pat Cummins,2015,0.037755424962958695
Rajat Bhatia,2015,0.0003906297593469564
Sreenath Aravind,2015,0.09446303518311701
Virat Kohli,2016,0.9999999999999999
David Warner,2016,0.8833609300857368
AB de Villiers,2016,0.7068489208713387
Shikhar Dhawan,2016,0.5812253664920956
Gautam Gambhir,2016,0.5722074924834
Rohit Sharma,2016,0.5513174500172946
Ajinkya Rahane,2016,0.5495691028229603
Murali Vijay,2016,0.5206576642628366
Quinton de Kock,2016,0.5027194806781965
Suresh Raina,2016,0.4581555076610402
KL Rahul,2016,0.4492926764639711
Robin Uthappa,2016,0.4469683363887712
Aaron Finch,2016,0.4564269709759299
Yusuf Pathan,2016,0.23173567584467478
Karun Nair,2016,0.42608964078710415
Brendon McCullum,2016,0.41015706199545404
Dinesh Karthik,2016,0.39568980983678287
Ambati Rayudu,2016,0.39766816355370405
Dwayne Smith,2016,0.2389370883742194
Sanju Samson,2016,0.3567007745351064
MS Dhoni,2016,0.34210721875424643
Steve Smith,2016,0.3200364513369722
Wriddhiman Saha,2016,0.3242992450893887
Jos Buttler,2016,0.30787614692850146
Manish Pandey,2016,0.30087615464808953
Krunal Pandya,2016,0.2602093995885553
Yuvraj Singh,2016,0.2910738588797911
Chris Gayle,2016,0.16533606580199287
Kieron Pollard,2016,0.26040254024672366
Faf du Plessis,2016,0.2613682328160807
Rishabh Pant,2016,0.25183816878721277
Chris Morris,2016,0.3269154700217236
JP Duminy,2016,0.2481682952052336
Ravindra Jadeja,2016,0.24070640257274464
Andre Russell,2016,0.3414801104107153
Moises Henriques,2016,0.30633347583199344
Suryakumar Yadav,2016,0.24039420495171585
Shane Watson,2016,0.28629351274778425
Glenn Maxwell,2016,0.22919001338278955
Parthiv Patel,2016,0.23416896169400872
Saurabh Tiwary,2016,0.2248820181867915
Manan Vohra,2016,0.2139990730913853
David Miller,2016,0.21346614249113338
Shaun Marsh,2016,0.2139558247966005
Hashim Amla,2016,0.20982258991436742
Thisara Perera,2016,0.2007253808616902
Marcus Stoinis,2016,0.17556953034913936
Deepak Hooda,2016,0.19682308257289963
Naman Ojha,2016,0.19534510697628477
Usman Khawaja,2016,0.176671795387388
Kane Williamson,2016,0.1778021104981841
Eoin Morgan,2016,0.17435610497114504
Sachin Baby,2016,0.17033438558449698
Shakib Al Hasan,2016,0.13847385120265082
Gurkeerat Mann Singh,2016,0.16357890893201918
Axar Patel,2016,0.20504510330334028
Nitish Rana,2016,0.1580793069558418
Dwayne Bravo,2016,0.19378470636314396
Harbhajan Singh,2016,0.1466633582045384
Sam Billings,2016,0.13555782720194973
George Bailey,2016,0.13765988034266413
Carlos Brathwaite,2016,0.118575709866043
James Faulkner,2016,0.12762450881795526
Kevin Pietersen,2016,0.12643634329994163
Sarfaraz Khan,2016,0.13509651205757808
Ben Cutting,2016,0.08853703534723907
Stuart Binny,2016,0.12129453958190897
Pawan Negi,2016,0.08207955539506905
Martin Guptill,2016,0.10073625338999201
Travis Head,2016,0.10377730606650806
Bipul Sharma,2016,0.07050915071486932
Ashish Reddy,2016,0.10157173603956669
Hardik Pandya,2016,0.08825628362845567
Bhuvneshwar Kumar,2016,0.2712323251486419
Kedar Jadhav,2016,0.0808254825277354
Ishan Kishan,2016,0.08195440253224813
Ravichandran Ashwin,2016,0.16757033572301477
Iqbal Abdulla,2016,0.07991448903283398
Karn Sharma,2016,0.07378252097379533
Rajat Bhatia,2016,0.16912981950342398
Mitchell McClenaghan,2016,0.1337542984712019
Mohit Sharma,2016,0.14378752543440515
Colin Munro,2016,0.06759289942985726
Tim Southee,2016,0.18728885272888704
Shreyas Iyer,2016,0.06558450442430055
Praveen Kumar,2016,0.3052795973459084
Mayank Agarwal,2016,0.06540723291922548
Piyush Chawla,2016,0.1708048503303761
Chris Lynn,2016,0.0692998584711179
Eklavya Dwivedi,2016,0.07767040316432428
Rajagopal Sathish,2016,0.05995701770547986
Dhawal Kulkarni,2016,0.22597661224691057
Nikhil Naik,2016,0.05533819282954434
Jason Holder,2016,0.060786454894493226
Akshdeep Nath,2016,0.0508254890382314
Pradeep Sahu,2016,0.06777657098605937
Albie Morkel,2016,0.07218159001007174
Rishi Dhawan,2016,0.0791139661392824
Farhaan Behardien,2016,0.05067853784304851
Vinay Kumar,2016,0.05358702903419768
Kyle Abbott,2016,0.06653261865448695
KC Cariappa,2016,0.07913582043059919
Irfan Pathan,2016,0.041227766132226965
Parveez Rasool,2016,0.04746997940544105
Nathan Coulter-Nile,2016,0.05779660072537125
Umesh Yadav,2016,0.05951976730179581
Jasprit Bumrah,2016,0.1346822234189567
Lendl Simmons,2016,0.040634795680639345
Aditya Tare,2016,0.03029919728374667
Sandeep Sharma,2016,0.2261430412758437
Mitchell Marsh,2016,0.10110966647277667
Pravin Tambe,2016,0.028110572487858906
Sunil Narine,2016,0.19444129829688062
Jayant Yadav,2016,0.10415122774992382
Peter Handscomb,2016,0.026237298836137235
Zaheer Khan,2016,0.18940634237679513
David Wiese,2016,0.040472033280911444
Imran Tahir,2016,0.10646476943179939
Mitchell Johnson,2016,0.022703122591988423
Barinder Sran,2016,0.05517652021833008
Amit Mishra,2016,0.21139566108211874
Ankit Sharma,2016,0.03247342392285472
Chris Jordan,2016,0.06188986866065369
Shreyas Gopal,2016,0.022941762561672838
Mohammad Shami,2016,0.020731279371056323
Ashish Nehra,2016,0.09589180603056766
Shadab Jakati,2016,0.08150124990777378
Morne Morkel,2016,0.03386387985195877
Kane Richardson,2016,0.039697946404272204
Dale Steyn,2016,0.01589491092199877
Shahbaz Nadeem,2016,0.00976109362939597
Murugan Ashwin,2016,0.040124717729474624
Shivil Kaushik,2016,0.13654432139954073
Swapnil Singh,2016,0.0
Adam Zampa,2016,0.08367012642221276
Unmukt Chand,2016,0.0015346169117201858
David Warner,2017,0.6950726427191402
Gautam Gambhir,2017,0.5673210862223117
Shikhar Dhawan,2017,0.5424086733199596
Steve Smith,2017,0.539211089718448
Suresh Raina,2017,0.25785070520016823
Hashim Amla,2017,0.4759379973844548
Manish Pandey,2017,0.4585497646967239
Parthiv Patel,2017,0.4508385472330439
Rahul Tripathi,2017,0.43978753833403295
Robin Uthappa,2017,0.42735900149081063
Sanju Samson,2017,0.43432802241173146
Kieron Pollard,2017,0.43725290923838456
Ajinkya Rahane,2017,0.44862600167468564
Rishabh Pant,2017,0.4036739100894924
Dinesh Karthik,2017,0.41220721718242664
Shreyas Iyer,2017,0.3917215695243312
Rohit Sharma,2017,0.3965052959629624
Nitish Rana,2017,0.39254310111107193
Manoj Tiwary,2017,0.379491974837119
Brendon McCullum,2017,0.3675407503569845
Ben Stokes,2017,0.381172379156397
Glenn Maxwell,2017,0.2595223677950146
Virat Kohli,2017,0.3669029077642223
Aaron Finch,2017,0.34223984685825326
Chris Lynn,2017,0.3414606334954416
MS Dhoni,2017,0.35548163765760166
Karun Nair,2017,0.3431115092641103
Moises Henriques,2017,0.20697376578026117
Ishan Kishan,2017,0.33210188851817296
Jos Buttler,2017,0.31951812284915304
Kedar Jadhav,2017,0.31587057096770804
Shaun Marsh,2017,0.3201534542506052
Kane Williamson,2017,0.3052128890335252
Yuvraj Singh,2017,0.30633250832948217
Hardik Pandya,2017,0.20937443528957167
Krunal Pandya,2017,0.3585685583542386
Dwayne Smith,2017,0.1586692157636509
Wriddhiman Saha,2017,0.2900317144861047
Manan Vohra,2017,0.27896824263762887
Axar Patel,2017,0.25033285228933955
Sunil Narine,2017,0.41302544438385913
AB de Villiers,2017,0.26886311579875094
Chris Gayle,2017,0.2557390719697199
Mandeep Singh,2017,0.24971574709476088
Ravindra Jadeja,2017,0.21724985674583647
Chris Morris,2017,0.19777061975392704
Travis Head,2017,0.2019231261095164
Pawan Negi,2017,0.32643346469962137
Yusuf Pathan,2017,0.19675583845004063
Corey Anderson,2017,0.1979916235958604
Sam Billings,2017,0.18896612300614896
Lendl Simmons,2017,0.18828084679975177
Martin Guptill,2017,0.1842237847205914
Colin de Grandhomme,2017,0.17608287452162968
Suryakumar Yadav,2017,0.15436953333415798
Vijay Shankar,2017,0.1623481461688196
Ambati Rayudu,2017,0.1381421220812865
David Miller,2017,0.13363044136791474
Naman Ojha,2017,0.12803522810778295
Dan Christian,2017,0.12640982158862907
Deepak Hooda,2017,0.13319544722875623
Stuart Binny,2017,0.12674754500822136
Pat Cummins,2017,0.19574525111026547
Shane Watson,2017,0.14445590742863362
Eoin Morgan,2017,0.10959471325403983
Jason Roy,2017,0.1136267564271849
Kagiso Rabada,2017,0.08151441906739162
James Faulkner,2017,0.07095383431938296
Andrew Tye,2017,0.12783075340940003
Saurabh Tiwary,2017,0.1115790194244368
Ben Cutting,2017,0.11386996995592115
Mohit Sharma,2017,0.1400538677758053
Amit Mishra,2017,0.21456785712799956
Karn Sharma,2017,0.15984855617247357
Chris Woakes,2017,0.1564444095537711
Sheldon Jackson,2017,0.08403171578820388
Mohammad Shami,2017,0.08668260374080079
Ishank Jaggi,2017,0.07837623393663001
Sreenath Aravind,2017,0.065128298641541
Angelo Mathews,2017,0.07418068430707256
Bipul Sharma,2017,0.07155301597011435
Marlon Samuels,2017,0.06536528672363846
Basil Thampi,2017,0.06596992578685622
Mayank Agarwal,2017,0.06189165809218845
Aniket Choudhary,2017,0.07213856000511631
Ankit Sharma,2017,0.08087393921931153
Kuldeep Yadav,2017,0.07590595419479851
Mitchell Johnson,2017,0.06526898444557203
Vishnu Vinod,2017,0.04944424081059767
Rahul Tewatia,2017,0.10095977564732131
Aditya Tare,2017,0.04924315949161955
Marcus Stoinis,2017,0.04671978425332377
Mitchell McClenaghan,2017,0.17437444968963028
Harbhajan Singh,2017,0.38907522564691527
Jasprit Bumrah,2017,0.20783501293923617
Rajat Bhatia,2017,0.04489407919883648
Sachin Baby,2017,0.0488938248782607
Anureet Singh,2017,0.05717145549299382
Deepak Chahar,2017,0.08512222386638083
Nathan Coulter-Nile,2017,0.14902008348475626
Yuzvendra Chahal,2017,0.19271493040095633
Samuel Badree,2017,0.0785506284241587
Carlos Brathwaite,2017,0.04109053039987745
Ankit Bawne,2017,0.04156486653622733
Swapnil Singh,2017,0.03806454487122193
Rashid Khan,2017,0.3552969333591719
Umesh Yadav,2017,0.15160490872224897
Washington Sundar,2017,0.14243925768265084
Tymal Mills,2017,0.03451809169177936
Praveen Kumar,2017,0.062331510084583805
Faf du Plessis,2017,0.04464507519576364
Ishant Sharma,2017,0.04775934475596182
Tim Southee,2017,0.0763330542810743
Adam Milne,2017,0.030089931341239367
Lasith Malinga,2017,0.12926768521194582
Ankit Soni,2017,0.0920905701314025
Sandeep Sharma,2017,0.14497081844522786
Ashok Dinda,2017,0.03995119360178217
Darren Bravo,2017,0.040569690720748175
Iqbal Abdulla,2017,0.026948989054833165
Adam Zampa,2017,0.050635601258146486
Trent Boult,2017,0.02645121513292247
Zaheer Khan,2017,0.051109582787191764
Bhuvneshwar Kumar,2017,0.20644685009863264
Varun Aaron,2017,0.06783114699962182
Ankit Rajpoot,2017,0.03692307874118297
Rahul Chahar,2017,0.0463779832138952
Shahbaz Nadeem,2017,0.11389859660476867
KC Cariappa,2017,0.04604958751012721
Jaydev Unadkat,2017,0.23739448407944078
Mohammad Nabi,2017,0.07933775267887863
Piyush Chawla,2017,0.01605516213041658
Irfan Pathan,2017,0.022177167523153414
Pradeep Sangwan,2017,0.020242992171872632
Dhawal Kulkarni,2017,0.05362591762512499
Lockie Ferguson,2017,0.041371826685352484
Shakib Al Hasan,2017,0.0296088056876437
Shardul Thakur,2017,0.12409856180058679
Siddarth Kaul,2017,0.04019110036520562
Munaf Patel,2017,0.0003906297593469564
Akshdeep Nath,2017,0.0
Chris Jordan,2017,0.0
Imran Tahir,2017,0.14197226903334004
Kane Williamson,2018,0.7809864498907121
Rishabh Pant,2018,0.7026570915252037
KL Rahul,2018,0.6943302601622099
Ambati Rayudu,2018,0.6443972671170008
Shane Watson,2018,0.3212876595824399
Jos Buttler,2018,0.5889212377866583
Virat Kohli,2018,0.5851360354185864
Suryakumar Yadav,2018,0.5731610011245487
Dinesh Karthik,2018,0.5480160705082995
Shikhar Dhawan,2018,0.5567685022948103
Chris Lynn,2018,0.5559167434052628
AB de Villiers,2018,0.5146058792196966
MS Dhoni,2018,0.5145567714785215
Suresh Raina,2018,0.5052786636444325
Sanju Samson,2018,0.488562593164035
Shreyas Iyer,2018,0.46912680948772717
Evin Lewis,2018,0.43496865521706035
Ajinkya Rahane,2018,0.43667412614495216
Chris Gayle,2018,0.4223664741450998
Sunil Narine,2018,0.45559602083969486
Robin Uthappa,2018,0.407688746951809
Andre Russell,2018,0.24345107295808438
Nitish Rana,2018,0.19095125968464025
Karun Nair,2018,0.35108454167363834
Rohit Sharma,2018,0.3409837861677817
Manish Pandey,2018,0.34704859220289985
Ishan Kishan,2018,0.3230761089072049
Hardik Pandya,2018,0.2920203497916203
Yusuf Pathan,2018,0.31837590283140543
Mandeep Singh,2018,0.3033219619770293
Prithvi Shaw,2018,0.2935076682946937
Shakib Al Hasan,2018,0.34801222150368516
Krunal Pandya,2018,0.30542041514999263
Rahul Tripathi,2018,0.2784547505182588
Vijay Shankar,2018,0.27464006490406456
Shubman Gill,2018,0.25977111514286494
Quinton de Kock,2018,0.2561257954314734
Ben Stokes,2018,0.156916613990373
Glenn Maxwell,2018,0.21826428502802628
Faf du Plessis,2018,0.21820652762789428
Parthiv Patel,2018,0.2072045334629728
Alex Hales,2018,0.19904018547845032
Dwayne Bravo,2018,0.14244797622111063
Aaron Finch,2018,0.18219855543254854
Kieron Pollard,2018,0.18343787484761953
Colin de Grandhomme,2018,0.1461680872708559
Brendon McCullum,2018,0.17797026730887439
Krishnappa Gowtham,2018,0.31358729182727835
Wriddhiman Saha,2018,0.1752704576292736
Jason Roy,2018,0.17320384018815704
Mayank Agarwal,2018,0.1692184865719625
D'Arcy Short,2018,0.0887615308724362
Sam Billings,2018,0.1562822240486747
Ravichandran Ashwin,2018,0.22713777729874274
Marcus Stoinis,2018,0.1501860746257232
Ben Cutting,2018,0.09187581873068368
Ravindra Jadeja,2018,0.19113344276518313
Deepak Hooda,2018,0.13752632216780172
Gautam Gambhir,2018,0.13368643163342112
Axar Patel,2018,0.15385483730700444
Moeen Ali,2018,0.08166624379420874
Carlos Brathwaite,2018,0.12704535369618064
David Miller,2018,0.12544070244903469
Washington Sundar,2018,0.09704613949646654
Yuvraj Singh,2018,0.11084816974611576
Abhishek Sharma,2018,0.13851917280614187
Colin Munro,2018,0.11262088479686648
Harshal Patel,2018,0.11080161364973087
Rashid Khan,2018,0.4237073263578719
Heinrich Klaasen,2018,0.10288787930730926
Manan Vohra,2018,0.09801895837830613
Tim Southee,2018,0.09888437366790706
Shreevats Goswami,2018,0.09898288381303752
Sarfaraz Khan,2018,0.09684353483101403
Deepak Chahar,2018,0.17817639753716788
Shreyas Gopal,2018,0.21489974412367624
Rahul Tewatia,2018,0.13282398349141805
Jaydev Unadkat,2018,0.10006995062904878
Manoj Tiwary,2018,0.09031573952398415
Chris Morris,2018,0.11414313176620733
Stuart Binny,2018,0.08541789339137223
JP Duminy,2018,0.0868686179119184
Andrew Tye,2018,0.22873919100043108
Harbhajan Singh,2018,0.14159027948790404
Rinku Singh,2018,0.06550014699769871
Piyush Chawla,2018,0.1632924636007771
Dan Christian,2018,0.0864329885513585
Mohammed Siraj,2018,0.12191547475146208
Kedar Jadhav,2018,0.056630061247956054
Tom Curran,2018,0.05781655263842966
Mayank Markande,2018,0.21754602127973338
Mahipal Lomror,2018,0.058660777954046874
Mohammad Nabi,2018,0.06472828119464626
Chris Woakes,2018,0.05224738136225432
Corey Anderson,2018,0.046758289186745114
Mitchell Johnson,2018,0.05946826547086837
Shardul Thakur,2018,0.1376248371989703
Jofra Archer,2018,0.1130762085764444
Bhuvneshwar Kumar,2018,0.1529907260133604
Shivam Mavi,2018,0.04628004675280178
Kuldeep Yadav,2018,0.2514687949884702
Murali Vijay,2018,0.05129340768567772
Mitchell McClenaghan,2018,0.05215372322709662
Ankit Rajpoot,2018,0.17024410829731856
Jasprit Bumrah,2018,0.19142237774275225
Mujeeb Ur Rahman,2018,0.19742832908938293
Mohit Sharma,2018,0.043829775083755206
Akshdeep Nath,2018,0.03530204841595448
Dhruv Shorey,2018,0.037940194397829814
Prashant Chopra,2018,0.04973302781125775
Javon Searles,2018,0.051132784448917674
Mohammad Shami,2018,0.044633728331325465
Vinay Kumar,2018,0.06300299975753053
Dhawal Kulkarni,2018,0.037058766247989074
Shahbaz Nadeem,2018,0.030585380086011093
Billy Stanlake,2018,0.08192899253869118
Akila Dananjaya,2018,0.0274789434283472
Umesh Yadav,2018,0.26573279000174327
Siddarth Kaul,2018,0.19671620247458904
Pawan Negi,2018,0.02247516222528381
Barinder Sran,2018,0.04284095001699702
Basil Thampi,2018,0.02910039782232174
Anureet Singh,2018,0.025776913762621177
Imran Tahir,2018,0.032603633842637036
Mark Wood,2018,0.011600122732150104
Mustafizur Rahman,2018,0.15085947746491624
Ben Laughlin,2018,0.012793124618612822
Liam Plunkett,2018,0.08736605488885468
Ish Sodhi,2018,0.12300685202158336
Murugan Ashwin,2018,0.04295839486058075
Naman Ojha,2018,0.00970993973233863
Prasidh Krishna,2018,0.011672389237629293
Amit Mishra,2018,0.21891076068063922
Yuzvendra Chahal,2018,0.1150162480475696
Pradeep Sangwan,2018,0.0015346169117201858
Sandeep Sharma,2018,0.2728067235746861
Ricky Bhui,2018,0.0020461558822935807
Trent Boult,2018,0.04095529874614883
David Warner,2019,0.7367003820452054
KL Rahul,2019,0.6521524769321501
Quinton de Kock,2019,0.5870461219347073
Shikhar Dhawan,2019,0.5793418800024442
Andre Russell,2019,0.2974953147445644
Chris Gayle,2019,0.5360613117589137
Rishabh Pant,2019,0.5217778416013067
Virat Kohli,2019,0.5103330407020398
Shreyas Iyer,2019,0.532494024992306
Jonny Bairstow,2019,0.4919896252456202
AB de Villiers,2019,0.4859424905567582
Suryakumar Yadav,2019,0.4833748439457363
MS Dhoni,2019,0.48931604356414693
Chris Lynn,2019,0.4598707443329155
Rohit Sharma,2019,0.4692710634774289
Hardik Pandya,2019,0.25860701628024224
Shane Watson,2019,0.4631578937578202
Faf du Plessis,2019,0.4614189402791273
Ajinkya Rahane,2019,0.4463674176089758
Suresh Raina,2019,0.45126368262113314
Parthiv Patel,2019,0.4272034006366707
Prithvi Shaw,2019,0.4107688626042598
Manish Pandey,2019,0.4040366377231717
Nitish Rana,2019,0.20875360232868775
Sanju Samson,2019,0.38694007525575325
Mayank Agarwal,2019,0.3784755003990469
Steve Smith,2019,0.38759205492552046
Jos Buttler,2019,0.3631749047537689
Shubman Gill,2019,0.35700323357734365
Ambati Rayudu,2019,0.3702459544475478
Robin Uthappa,2019,0.3501354973725964
Kieron Pollard,2019,0.3306897619381338
Dinesh Karthik,2019,0.3089423801573476
Vijay Shankar,2019,0.16203791864519607
Moeen Ali,2019,0.31781925421015783
David Miller,2019,0.2671173728028123
Marcus Stoinis,2019,0.2744360073583486
Colin Ingram,2019,0.2408853753705519
Krunal Pandya,2019,0.33710577604998254
Sarfaraz Khan,2019,0.24081831726186395
Nicholas Pooran,2019,0.2173482582423577
Mandeep Singh,2019,0.22501436726954172
Kedar Jadhav,2019,0.22992142110362396
Riyan Parag,2019,0.21500801395552716
Kane Williamson,2019,0.20943019302039487
Sunil Narine,2019,0.18301367485419096
Rahul Tripathi,2019,0.19314958171458377
Ben Stokes,2019,0.17384363592971605
Mohammad Nabi,2019,0.2506266784199118
Axar Patel,2019,0.2860367380307727
Ravindra Jadeja,2019,0.47323536609442585
Ishan Kishan,2019,0.15138772617114288
Yuvraj Singh,2019,0.14767627842191902
Gurkeerat Mann Singh,2019,0.15055075540819926
Sam Curran,2019,0.09397603694726381
Shimron Hetmyer,2019,0.1373173352465511
Wriddhiman Saha,2019,0.13698046358265709
Colin Munro,2019,0.13266995719534902
Martin Guptill,2019,0.13255118714709044
Dwayne Bravo,2019,0.13387641575209938
Sherfane Rutherford,2019,0.12134429837268293
Liam Livingstone,2019,0.12297145733453411
Stuart Binny,2019,0.12733609384563746
Jofra Archer,2019,0.32768367314634383
Deepak Hooda,2019,0.10967395529093593
Murali Vijay,2019,0.11321017769096703
Shreyas Gopal,2019,0.23293489873302625
Akshdeep Nath,2019,0.10533247754413674
Evin Lewis,2019,0.08986623627947848
Colin de Grandhomme,2019,0.0885611608549174
Piyush Chawla,2019,0.12962880146318118
Ravichandran Ashwin,2019,0.25984563689269197
Shivam Dube,2019,0.08319502404651694
Yusuf Pathan,2019,0.08434617274447821
Rinku Singh,2019,0.08021786723777977
Rashid Khan,2019,0.4712129041485604
Chris Morris,2019,0.06969848683982292
Mitchell Santner,2019,0.07483064392927655
Rahul Tewatia,2019,0.062285744212978986
Umesh Yadav,2019,0.050321087903882136
Amit Mishra,2019,0.25190084493155657
Harpreet Brar,2019,0.06639738635208445
Prayas Ray Barman,2019,0.05396233901287302
Keemo Paul,2019,0.08832974121679221
Ben Cutting,2019,0.05518370806043117
Krishnappa Gowtham,2019,0.09066414103573313
Prabhsimran Singh,2019,0.051776207466813454
Alzarri Joseph,2019,0.056858329759289464
Siddhesh Lad,2019,0.05489538609519889
Shardul Thakur,2019,0.07630544924377547
Kagiso Rabada,2019,0.21957111197420895
Bhuvneshwar Kumar,2019,0.21377398193513258
Kuldeep Yadav,2019,0.05503238479567681
Rahul Chahar,2019,0.3134994123403206
Mitchell McClenaghan,2019,0.10195176499115044
Carlos Brathwaite,2019,0.0459361995574909
Ishant Sharma,2019,0.18170138324369098
Shakib Al Hasan,2019,0.04003955033306303
Pawan Negi,2019,0.03732606861188506
Tim Southee,2019,0.03872350007240601
Abhishek Sharma,2019,0.04217406294663747
Heinrich Klaasen,2019,0.03856538802695606
KC Cariappa,2019,0.09302103662163294
Mahipal Lomror,2019,0.08703100828330404
Deepak Chahar,2019,0.20735862624776458
Trent Boult,2019,0.07267780838844966
Nikhil Naik,2019,0.02755567427393321
Ricky Bhui,2019,0.029215664736986658
Yuzvendra Chahal,2019,0.2356609873918435
Sandeep Sharma,2019,0.11808372337045178
Mayank Markande,2019,0.044466687605661866
Ish Sodhi,2019,0.027034741587718375
Jagadeesha Suchith,2019,0.024498066336187688
Rasikh Salam,2019,0.040472033280911444
Karun Nair,2019,0.0314199326647302
Dhruv Shorey,2019,0.026437264070088652
Dhawal Kulkarni,2019,0.057204657854908386
Mohammed Siraj,2019,0.020537820029624156
Hanuma Vihari,2019,0.02187526652342955
Avesh Khan,2019,0.042329663800777344
Hardus Viljoen,2019,0.020855443830277324
Murugan Ashwin,2019,0.09463181521335709
Varun Aaron,2019,0.05385397265855324
Ashton Turner,2019,0.018178234872467287
Barinder Sran,2019,0.03208279416350776
Navdeep Saini,2019,0.22202550609151556
Harbhajan Singh,2019,0.18769954307010958
Harry Gurney,2019,0.011323612666783795
Washington Sundar,2019,0.012655753153242473
Basil Thampi,2019,0.03039006520633761
Mohammad Shami,2019,0.1777730478925667
Jaydev Unadkat,2019,0.017724639316197027
Siddarth Kaul,2019,0.023772914463656952
Prasidh Krishna,2019,0.0364778095464028
Jasprit Bumrah,2019,0.35819678694113677
Andrew Tye,2019,0.002711156544038995
Sandeep Lamichhane,2019,0.0019531487967347815
Harshal Patel,2019,0.0016415750601128046
Mohit Sharma,2019,0.0007580077473042131
Joe Denly,2019,0.0
Khaleel Ahmed,2019,0.04970618967723986
Sam Billings,2019,0.0015346169117201858
Prithvi Raj Yarra,2019,0.0006370985360777742
Mujeeb Ur Rahman,2019,0.004575948609492918
KL Rahul,2020,0.7358120713710332
Shikhar Dhawan,2020,0.6628634519263581
David Warner,2020,0.6023270930849325
Shreyas Iyer,2020,0.5842804632385309
Ishan Kishan,2020,0.5674182786267207
Quinton de Kock,2020,0.554570930877227
Suryakumar Yadav,2020,0.5335473302362594
Devdutt Padikkal,2020,0.5377549707869395
Virat Kohli,2020,0.5279432813029995
AB de Villiers,2020,0.4947487734458075
Faf du Plessis,2020,0.49969284409994214
Shubman Gill,2020,0.5116900140803426
Manish Pandey,2020,0.48695394261221014
Mayank Agarwal,2020,0.46397356589817085
Eoin Morgan,2020,0.4742041592954676
Sanju Samson,2020,0.4135427059239654
Ambati Rayudu,2020,0.4191007163498737
Nicholas Pooran,2020,0.3942999119501922
Nitish Rana,2020,0.4070135155106522
Marcus Stoinis,2020,0.4005368741006797
Jonny Bairstow,2020,0.40370330032852897
Rishabh Pant,2020,0.41423877095228745
Rohit Sharma,2020,0.39109860806525826
Jos Buttler,2020,0.3781695070875585
Kane Williamson,2020,0.3764732438611372
Steve Smith,2020,0.36836470012794986
Shane Watson,2020,0.3650142128777797
Chris Gayle,2020,0.3423583378852551
Ben Stokes,2020,0.34018615740202934
Hardik Pandya,2020,0.32745953284959106
Aaron Finch,2020,0.334641446989356
Kieron Pollard,2020,0.32336443087243716
Rahul Tewatia,2020,0.295837906009247
Ravindra Jadeja,2020,0.18555602947181693
Rahul Tripathi,2020,0.28551938272313404
Prithvi Shaw,2020,0.2816210837390225
Wriddhiman Saha,2020,0.28086902844519407
Ruturaj Gaikwad,2020,0.26831158378138725
MS Dhoni,2020,0.26078600846048255
Robin Uthappa,2020,0.2514429816806734
Sam Curran,2020,0.15570573830568613
Shimron Hetmyer,2020,0.2355277952140228
Dinesh Karthik,2020,0.22446023105378238
Pat Cummins,2020,0.2633028968266663
Priyam Garg,2020,0.1844032883957199
Mandeep Singh,2020,0.1809274275942164
Shivam Dube,2020,0.11258055102319699
Sunil Narine,2020,0.16239600781052432
Andre Russell,2020,0.16656769162645116
Axar Patel,2020,0.30287860625072704
Jofra Archer,2020,0.49099016806588275
Ajinkya Rahane,2020,0.16471313034040871
Washington Sundar,2020,0.4097245498483368
Abdul Samad,2020,0.16589171612860984
Krunal Pandya,2020,0.2605105731906605
Glenn Maxwell,2020,0.13912272202282072
Saurabh Tiwary,2020,0.15088958022089
Deepak Hooda,2020,0.18517478217043007
Vijay Shankar,2020,0.15284014301460225
Riyan Parag,2020,0.13446722611668727
Tom Curran,2020,0.15825592741131797
Josh Philippe,2020,0.12669880929538857
Gurkeerat Mann Singh,2020,0.11355932629015476
Abhishek Sharma,2020,0.11915677172033996
Jason Holder,2020,0.15649224667728215
Kedar Jadhav,2020,0.11091420477686252
Mahipal Lomror,2020,0.10269628471105816
Kagiso Rabada,2020,0.14369166996463462
Lockie Ferguson,2020,0.12459705678897964
Krishnappa Gowtham,2020,0.10236406340144212
Yashasvi Jaiswal,2020,0.07896682892992837
Shreyas Gopal,2020,0.07389008224171267
Ravichandran Ashwin,2020,0.20794561973616207
Rashid Khan,2020,0.5414333080137045
Chris Morris,2020,0.21801280264790995
Sarfaraz Khan,2020,0.07712138233827068
Narayan Jagadeesan,2020,0.07588438810033864
Murali Vijay,2020,0.06832049386018375
Alex Carey,2020,0.07259240230698495
Chris Jordan,2020,0.12341215426115364
Navdeep Saini,2020,0.21488560159720427
Nathan Coulter-Nile,2020,0.09463820385884719
Kamlesh Nagarkoti,2020,0.09759049102941143
Tushar Deshpande,2020,0.08017675810596278
Harshal Patel,2020,0.05576704850105597
Jimmy Neesham,2020,0.05663247943218058
Tom Banton,2020,0.05100973607472339
Mohammed Siraj,2020,0.057234624124498715
Karun Nair,2020,0.054978162401346224
Prabhsimran Singh,2020,0.049103090820768004
Isuru Udana,2020,0.060790919234600053
James Pattinson,2020,0.11847561227549927
Kuldeep Yadav,2020,0.03931830792657432
Imran Tahir,2020,0.06643295505201943
Moeen Ali,2020,0.039672172345105776
Sandeep Sharma,2020,0.14974980054424394
Shardul Thakur,2020,0.03208639180328121
Mohammad Nabi,2020,0.05062332294022804
Rinku Singh,2020,0.045085184724627886
Shivam Mavi,2020,0.10394322309107461
Varun Chakaravarthy,2020,0.25379263895857584
Jaydev Unadkat,2020,0.037148239064296644
Ankit Rajpoot,2020,0.042434482786202106
Dwayne Bravo,2020,0.0438803709382992
Shahbaz Nadeem,2020,0.05506430181979374
Pravin Dubey,2020,0.026400433264207365
Anrich Nortje,2020,0.17682085260535185
Deepak Chahar,2020,0.17174229927221124
Ravi Bishnoi,2020,0.221490522544859
Andrew Tye,2020,0.03767717035986953
Jasprit Bumrah,2020,0.42907871661864055
Kartik Tyagi,2020,0.030640812309004128
Murugan Ashwin,2020,0.08958355974638646
Dhawal Kulkarni,2020,0.04559672369520128
T Natarajan,2020,0.09245248658560112
Prasidh Krishna,2020,0.019950019852362413
Rahul Chahar,2020,0.1543323042304423
Mohammad Shami,2020,0.08732341334346662
Nikhil Naik,2020,0.011600122732150104
Mujeeb Ur Rahman,2020,0.011990752491497059
Dale Steyn,2020,0.016485505915297145
Varun Aaron,2020,0.009975009926181208
Shahbaz Ahmed,2020,0.02999943544699066
Yuzvendra Chahal,2020,0.3644046945969679
Mitchell Marsh,2020,0.0
Umesh Yadav,2020,0.0009021687299203517
Bhuvneshwar Kumar,2020,0.047358869549880896
Sheldon Cottrell,2020,0.1422607783849915
Khaleel Ahmed,2020,0.0028553175266551336
Arshdeep Singh,2020,0.1015956868508345
Daniel Sams,2020,0.0012927984892673076
Shreevats Goswami,2020,0.002418184224528778
Trent Boult,2020,0.12928358373446228
Ruturaj Gaikwad,2021,0.6923727400324539
Faf du Plessis,2021,0.6863929424735365
KL Rahul,2021,0.6818860981286138
Shikhar Dhawan,2021,0.6585908924299579
Glenn Maxwell,2021,0.31885012323134976
Sanju Samson,2021,0.5379421010430838
Prithvi Shaw,2021,0.5179819434183954
Shubman Gill,2021,0.5512768989279909
Mayank Agarwal,2021,0.49329442164892445
Rishabh Pant,2021,0.4820221488933692
Devdutt Padikkal,2021,0.47619134868551694
Virat Kohli,2021,0.4744105420183226
Rahul Tripathi,2021,0.44831861325691386
Nitish Rana,2021,0.45162557319104246
Rohit Sharma,2021,0.43821330040386475
Venkatesh Iyer,2021,0.43315948138877064
Moeen Ali,2021,0.32234794093039937
Suryakumar Yadav,2021,0.36897222241081995
AB de Villiers,2021,0.36275683790418217
Quinton de Kock,2021,0.3621250407719812
Manish Pandey,2021,0.35527162765841
Kane Williamson,2021,0.3379682174327087
Ambati Rayudu,2021,0.3086079266776781
Jos Buttler,2021,0.3042956531557444
Yashasvi Jaiswal,2021,0.3002111539863442
Jonny Bairstow,2021,0.30306377430751813
Kieron Pollard,2021,0.1998266627632952
Shimron Hetmyer,2021,0.29318939804791155
Ishan Kishan,2021,0.29401837020149707
Shivam Dube,2021,0.28863372498307044
Ravindra Jadeja,2021,0.3038653110430164
Dinesh Karthik,2021,0.2809545949639082
David Warner,2021,0.2546210337942176
Chris Gayle,2021,0.24860421941524774
K.S Bharat,2021,0.24802413422261751
Andre Russell,2021,0.13496856717055072
Shreyas Iyer,2021,0.23736552221757906
Deepak Hooda,2021,0.19836289704565907
Suresh Raina,2021,0.21458771493588696
Rahul Tewatia,2021,0.13360832534095887
Shahrukh Khan,2021,0.20555923811943766
Steve Smith,2021,0.20603673649669657
Evin Lewis,2021,0.20345355770238646
Jason Roy,2021,0.20467846101919582
Aiden Markram,2021,0.19846763385975036
Krunal Pandya,2021,0.1323415099553858
Eoin Morgan,2021,0.19504367101198872
Wriddhiman Saha,2021,0.18686072161035444
Hardik Pandya,2021,0.180580325150911
David Miller,2021,0.1801987170788632
Saurabh Tiwary,2021,0.1793181259927925
Robin Uthappa,2021,0.16496341240764745
MS Dhoni,2021,0.1716901498706876
Abdul Samad,2021,0.15946055518347552
Abhishek Sharma,2021,0.13329505185928042
Mahipal Lomror,2021,0.14477548043042562
Pat Cummins,2021,0.12209246961104049
Riyan Parag,2021,0.14238808155121682
Marcus Stoinis,2021,0.14203725882448906
Nicholas Pooran,2021,0.13218520426541652
Jason Holder,2021,0.09793176726302626
Rashid Khan,2021,0.34126022163045555
Priyam Garg,2021,0.11583837191468757
Rajat Patidar,2021,0.11521308527847576
Lalit Yadav,2021,0.12133050566373846
Chris Morris,2021,0.10746615080332167
Kyle Jamieson,2021,0.1140204554203553
Harpreet Brar,2021,0.17410810301067886
Sunil Narine,2021,0.36241683481228926
Shahbaz Ahmed,2021,0.14414696029409052
Harshal Patel,2021,0.17184409887928115
Vijay Shankar,2021,0.10032795228438887
Sam Curran,2021,0.14193038480393314
Kedar Jadhav,2021,0.09788354006173254
Chris Lynn,2021,0.10859507309845386
Shakib Al Hasan,2021,0.12684238271788145
Dwayne Bravo,2021,0.17810263408068233
Ravichandran Ashwin,2021,0.15812229884233547
Manan Vohra,2021,0.08344958443969137
Liam Livingstone,2021,0.08144286356167471
Jaydev Unadkat,2021,0.07978118483251939
Axar Patel,2021,0.24383089082130366
Jayant Yadav,2021,0.07514380811438455
Bhuvneshwar Kumar,2021,0.11725669303846883
Mohammad Nabi,2021,0.08593864006341595
Chris Jordan,2021,0.08173723098746831
Washington Sundar,2021,0.06679489863576277
Moises Henriques,2021,0.0922572430321495
Dawid Malan,2021,0.06775101147530722
Glenn Phillips,2021,0.062028099486703216
Ripal Patel,2021,0.06680038605381074
Shivam Mavi,2021,0.12498408018190338
Tom Curran,2021,0.06662674182507246
Mohammed Siraj,2021,0.23357320736486645
Prabhsimran Singh,2021,0.05115947748247305
Nathan Ellis,2021,0.0738094200991165
Lockie Ferguson,2021,0.1542335943366587
Anmolpreet Singh,2021,0.056554632501567864
Adam Milne,2021,0.06718616313517278
Chetan Sakariya,2021,0.07174853747032019
Jasprit Bumrah,2021,0.20406418174542207
Jhye Richardson,2021,0.04328549761906512
Chris Woakes,2021,0.1128951270509378
Murugan Ashwin,2021,0.04796086156503468
Virat Singh,2021,0.04242415899970507
Mandeep Singh,2021,0.05304510313509215
Jagadeesha Suchith,2021,0.0673444742258996
Rahul Chahar,2021,0.15203166900019494
Dan Christian,2021,0.044188798220053505
Mohammad Shami,2021,0.3128447022106231
Kagiso Rabada,2021,0.13174463147231616
Yuzvendra Chahal,2021,0.1545065166096267
Ajinkya Rahane,2021,0.041039376502820114
Sandeep Sharma,2021,0.0664595844160387
Mustafizur Rahman,2021,0.15528202861913662
Siddarth Kaul,2021,0.05609291143515821
Sachin Baby,2021,0.026825754666467756
Shreyas Gopal,2021,0.05118644953728511
Daniel Sams,2021,0.038323569604503185
Fabian Allen,2021,0.06113597268185255
Avesh Khan,2021,0.2021774650489614
Shardul Thakur,2021,0.14072355258286934
Harbhajan Singh,2021,0.034254509611305724
Nathan Coulter-Nile,2021,0.14131617847599096
Tim Southee,2021,0.023028554384358663
Navdeep Saini,2021,0.01827589231230403
Tabraiz Shamsi,2021,0.017257464725435177
Kartik Tyagi,2021,0.019796558161190397
Tim Seifert,2021,0.01788526255295707
Arshdeep Singh,2021,0.07506798800531757
George Garton,2021,0.020926594250729805
Varun Chakaravarthy,2021,0.22473094838829882
Mujeeb Ur Rahman,2021,0.0296088056876437
Tim David,2021,0.011600122732150104
Khaleel Ahmed,2021,0.04416978909822435
Wanindu Hasaranga,2021,0.017024947011538182
Ravi Bishnoi,2021,0.26704744572196665
Trent Boult,2021,0.09862856024437291
Deepak Chahar,2021,0.10404746239946057
Ben Stokes,2021,0.0010230779411467905
Marco Jansen,2021,0.0019066452539553821
Shahbaz Nadeem,2021,0.0
Kamlesh Nagarkoti,2021,0.0005115389705733955
Prasidh Krishna,2021,0.004255074164315061
Kuldip Yadav,2021,0.0017810856884510036
Sarfaraz Khan,2021,0.002418184224528778
Anuj Rawat,2021,0.0003906297593469564
Jimmy Neesham,2021,0.028188241200231803
Piyush Chawla,2021,0.0005115389705733955
Muttiah Muralitharan,2008,0.5423054377416772
Shanthakumaran Sreesanth,2008,0.077524168490514
Daniel Vettori,2008,0.07269033633058275
Ajantha Mendis,2008,0.08940377553151643
Charl Langeveldt,2009,0.07064945051321092
Sudeep Tyagi,2009,0.11489125419297203
Yusuf Abdulla,2009,0.18789716101843743
Vikram Singh,2009,0.04963894391934264
Harmeet Singh Bansal,2009,0.14417885044934614
Lasith Malinga,2010,0.34968112901846315
Muttiah Muralitharan,2010,0.4223595503509213
Shadab Jakati,2010,0.24840781324303962
Nayan Doshi,2010,0.08208666900998537
Ali Murtaza,2010,0.05305123422382126
Ashok Dinda,2010,0.3573296730373299
Harmeet Singh Bansal,2010,0.275530399287388
Ajantha Mendis,2010,0.06692453897081121
Shanthakumaran Sreesanth,2011,0.15396595967615012
Munaf Patel,2011,0.45264786881776536
Amit Singh,2011,0.1739412770765249
Ashok Dinda,2011,0.0065355534267282495
Siddharth Trivedi,2011,0.15922743409550175
RP Singh,2011,0.25494655186728626
Ali Murtaza,2011,0.2601834491452919
Ravichandran Ashwin,2011,0.5007543394964761
Alfonso Thomas,2011,0.13841452771805532
Pragyan Ojha,2011,0.1349725678885438
Ankeet Chavan,2011,0.05652250966753026
James Faulkner,2011,0.026519718597987595
Shrikant Wagh,2011,0.15313906667099225
Bhuvneshwar Kumar,2011,0.09227009938727843
Doug Bollinger,2011,0.27128543543410694
Varun Aaron,2011,0.08306877157817155
Dhawal Kulkarni,2011,0.06001737916693143
Shadab Jakati,2011,0.07162270531051251
P Parameswaran,2011,0.05531921282723012
Ben Hilfenhaus,2012,0.1604159846509943
Umesh Yadav,2012,0.3518327889273096
Lakshmipathy Balaji,2012,0.342645086685365
Shahbaz Nadeem,2012,0.2067959996278574
Ajit Chandila,2012,0.16843648895784785
Shaun Tait,2012,0.15809344479379733
Roelof van der Merwe,2012,0.04330393996599775
Rahul Sharma,2012,0.13516721884800414
Munaf Patel,2012,0.24261472542551749
Ashok Dinda,2012,0.14774579978888683
Pankaj Singh,2012,0.0756661366047564
Anand Rajan,2012,0.005025533862430029
KP Appanna,2012,0.07739735044116866
Varun Aaron,2012,0.1581721899546699
Morne Morkel,2012,0.28534061102705727
Yo Mahesh,2012,0.07413547224172753
Ryan Harris,2013,0.07542429753391175
RP Singh,2013,0.17710730442471662
Mohit Sharma,2013,0.3159913243584763
Ankeet Chavan,2013,0.02958659192713297
Ishant Sharma,2013,0.1446916672498152
Ajantha Mendis,2013,0.07138086623966788
Pragyan Ojha,2013,0.29265494524704455
Parvinder Awana,2013,0.14333978684379367
Murali Kartik,2013,0.0845994359412004
Dirk Nannes,2013,0.15810300038635264
Shanthakumaran Sreesanth,2013,0.1804089975931382
Muttiah Muralitharan,2013,0.06985020187663901
Vikramjeet Malik,2013,0.05457824150821782
Dhawal Kulkarni,2013,0.1828716271560074
Jason Holder,2013,0.08134640551264388
Anand Rajan,2013,0.08306877157817155
Sandeep Sharma,2013,0.07763918951201326
Ben Hilfenhaus,2014,0.026519718597987595
Samuel Badree,2014,0.14416115490757697
Parvinder Awana,2014,0.05496825124880924
Ishwar Pandey,2014,0.29036024637556435
Zaheer Khan,2015,0.15396595967615012
Jayant Yadav,2015,0.11813101296520173
Trent Boult,2015,0.07698445446655583
Ishwar Pandey,2015,0.1343843680801383
John Hastings,2016,0.031552920528517554
Mustafizur Rahman,2016,0.5406513371439521
Yuzvendra Chahal,2016,0.15999866479093924
Sreenath Aravind,2016,0.21425848485587828
Brad Hogg,2016,0.08200998832898587
Ashok Dinda,2016,0.2752255247644192
Anureet Singh,2016,0.029002992959587394
Tabraiz Shamsi,2016,0.08088337216968522
Nathu Singh,2017,0.056481220070068984
T Natarajan,2017,0.011561087289158285
Avesh Khan,2017,0.09158917494000274
Lungi Ngidi,2018,0.3483645807108406
Sandeep Lamichhane,2018,0.18830120922216567
David Willey,2018,0.09694207632516147
Imran Tahir,2019,0.5280277898652627
Ankit Rajpoot,2019,0.05783197975844514
Jason Behrendorff,2019,0.08953944135174635
Anukul Roy,2019,0.025009699033689353
Adam Zampa,2020,0.06788599674026669
Josh Hazlewood,2020,0.08776693791787285
Piyush Chawla,2020,0.08590890603211526
Mitchell Santner,2020,0.08153810721514265
Amit Mishra,2020,0.05346118094147254
Jayant Yadav,2020,0.03769740248214828
Karn Sharma,2020,0.07293217540142738
Anrich Nortje,2021,0.35873213320024144
Imran Tahir,2021,0.06998586769686893
Umran Malik,2021,0.08590890603211526
Riley Meredith,2021,0.06664589317308678
Amit Mishra,2021,0.08405972191724223
Josh Hazlewood,2021,0.08867235980505947
